rep,eps,method,drift,n_edges,n_edges_ref
0,0.0,fglasso,0.0,69,69
0,0.0,t_em,0.0,67,67
0,0.0,altt_em,0.0,65,65
0,0.05,fglasso,0.05797101449275366,65,69
0,0.05,t_em,0.582089552238806,28,67
0,0.05,altt_em,0.2857142857142857,91,65
0,0.1,fglasso,0.11267605633802813,65,69
0,0.1,t_em,0.5671641791044777,29,67
0,0.1,altt_em,0.14492753623188404,63,65
0,0.2,fglasso,0.17567567567567566,66,69
0,0.2,t_em,0.5671641791044777,29,67
0,0.2,altt_em,0.2857142857142857,91,65
1,0.0,fglasso,0.0,69,69
1,0.0,t_em,0.0,67,67
1,0.0,altt_em,0.0,65,65
1,0.05,fglasso,0.11111111111111116,67,69
1,0.05,t_em,0.582089552238806,28,67
1,0.05,altt_em,0.2857142857142857,91,65
1,0.1,fglasso,0.09722222222222221,68,69
1,0.1,t_em,0.5970149253731343,27,67
1,0.1,altt_em,0.11428571428571432,67,65
1,0.2,fglasso,0.1216216216216216,70,69
1,0.2,t_em,0.5671641791044777,29,67
1,0.2,altt_em,0.15492957746478875,66,65
2,0.0,fglasso,0.0,69,69
2,0.0,t_em,0.0,67,67
2,0.0,altt_em,0.0,65,65
2,0.05,fglasso,0.0714285714285714,66,69
2,0.05,t_em,0.5522388059701493,30,67
2,0.05,altt_em,0.08823529411764708,65,65
2,0.1,fglasso,0.11267605633802813,65,69
2,0.1,t_em,0.6865671641791045,21,67
2,0.1,altt_em,0.2857142857142857,91,65
2,0.2,fglasso,0.09999999999999998,64,69
2,0.2,t_em,0.6119402985074627,26,67
2,0.2,altt_em,0.2857142857142857,91,65
3,0.0,fglasso,0.0,69,69
3,0.0,t_em,0.0,67,67
3,0.0,altt_em,0.0,65,65
3,0.05,fglasso,0.08571428571428574,65,69
3,0.05,t_em,0.5522388059701493,30,67
3,0.05,altt_em,0.05970149253731338,65,65
3,0.1,fglasso,0.09999999999999998,64,69
3,0.1,t_em,0.5522388059701493,30,67
3,0.1,altt_em,0.2857142857142857,91,65
3,0.2,fglasso,0.16216216216216217,67,69
3,0.2,t_em,0.6268656716417911,25,67
3,0.2,altt_em,0.16901408450704225,65,65
4,0.0,fglasso,0.0,69,69
4,0.0,t_em,0.0,67,67
4,0.0,altt_em,0.0,65,65
4,0.05,fglasso,0.05797101449275366,65,69
4,0.05,t_em,0.6417910447761195,24,67
4,0.05,altt_em,0.2857142857142857,91,65
4,0.1,fglasso,0.08333333333333337,69,69
4,0.1,t_em,0.5671641791044777,29,67
4,0.1,altt_em,0.2857142857142857,91,65
4,0.2,fglasso,0.16216216216216217,67,69
4,0.2,t_em,0.5970149253731343,27,67
4,0.2,altt_em,0.2857142857142857,91,65
5,0.0,fglasso,0.0,69,69
5,0.0,t_em,0.0,67,67
5,0.0,altt_em,0.0,65,65
5,0.05,fglasso,0.07246376811594202,64,69
5,0.05,t_em,0.5373134328358209,31,67
5,0.05,altt_em,0.2857142857142857,91,65
5,0.1,fglasso,0.125,66,69
5,0.1,t_em,0.6268656716417911,25,67
5,0.1,altt_em,0.14492753623188404,63,65
5,0.2,fglasso,0.1095890410958904,69,69
5,0.2,t_em,0.582089552238806,28,67
5,0.2,altt_em,0.1428571428571429,65,65
