cell,p,n,K,eps,method,rep,f1,precision,recall,op_err,n_edges,fit_s,lam,nu,nu_hat,jaccard
p20,20,200,4,0.0,fglasso,0,0.5,0.7727,0.3696,0.3806,22,0.147,0.2,7.0,,0.0
p20,20,200,4,0.0,t_em,0,0.5,0.3509,0.8696,0.3029,114,1.136,0.1057,7.0,,0.0
p20,20,200,4,0.0,altt_em,0,0.5564,0.4253,0.8043,0.3165,87,1.566,0.1057,7.0,,0.0
p20,20,200,4,0.0,wglasso,0,0.3898,0.2421,1.0,0.6558,190,0.03,0.1,7.0,,0.0
p20,20,200,4,0.1,fglasso,0,0.3879,0.2419,0.9783,0.5782,186,0.059,0.2,7.0,,0.8817
p20,20,200,4,0.1,t_em,0,0.4916,0.3308,0.9565,0.3307,133,1.176,0.1057,7.0,,0.1429
p20,20,200,4,0.1,altt_em,0,0.4479,0.2945,0.9348,0.3222,146,0.98,0.1057,7.0,,0.4041
p20,20,200,4,0.1,wglasso,0,0.3898,0.2421,1.0,0.6881,190,0.031,0.1,7.0,,0.0
p20,20,200,4,0.2,fglasso,0,0.3898,0.2421,1.0,0.7061,190,0.032,0.2,7.0,,0.8842
p20,20,200,4,0.2,t_em,0,0.4455,0.2885,0.9783,0.3721,156,1.07,0.1057,7.0,,0.2692
p20,20,200,4,0.2,altt_em,0,0.4017,0.2514,1.0,0.4148,183,0.81,0.1057,7.0,,0.5246
p20,20,200,4,0.2,wglasso,0,0.3898,0.2421,1.0,0.7135,190,0.027,0.1,7.0,,0.0
p20,20,200,4,0.0,fglasso,1,0.4412,0.6818,0.3261,0.3855,22,0.148,0.2,7.0,,0.0
p20,20,200,4,0.0,t_em,1,0.48,0.3256,0.913,0.3128,129,1.462,0.1057,7.0,,0.0
p20,20,200,4,0.0,altt_em,1,0.493,0.3646,0.7609,0.3216,96,1.604,0.1057,7.0,,0.0
p20,20,200,4,0.0,wglasso,1,0.3898,0.2421,1.0,0.6543,190,0.03,0.1,7.0,,0.0
p20,20,200,4,0.1,fglasso,1,0.3966,0.2473,1.0,0.573,186,0.058,0.2,7.0,,0.8817
p20,20,200,4,0.1,t_em,1,0.4433,0.2905,0.9348,0.338,148,1.194,0.1057,7.0,,0.1284
p20,20,200,4,0.1,altt_em,1,0.439,0.283,0.9783,0.3327,159,1.139,0.1057,7.0,,0.3962
p20,20,200,4,0.1,wglasso,1,0.3898,0.2421,1.0,0.6838,190,0.028,0.1,7.0,,0.0
p20,20,200,4,0.2,fglasso,1,0.3898,0.2421,1.0,0.6988,190,0.029,0.2,7.0,,0.8842
p20,20,200,4,0.2,t_em,1,0.4074,0.2588,0.9565,0.3825,170,1.029,0.1057,7.0,,0.2412
p20,20,200,4,0.2,altt_em,1,0.4035,0.2527,1.0,0.4245,182,0.772,0.1057,7.0,,0.4725
p20,20,200,4,0.2,wglasso,1,0.3898,0.2421,1.0,0.7163,190,0.027,0.1,7.0,,0.0
p20,20,200,4,0.0,fglasso,2,0.3692,0.6316,0.2609,0.3916,19,0.159,0.2,7.0,,0.0
p20,20,200,4,0.0,t_em,2,0.4819,0.3333,0.8696,0.3226,120,1.424,0.1057,7.0,,0.0
p20,20,200,4,0.0,altt_em,2,0.4885,0.3765,0.6957,0.3335,85,1.813,0.1057,7.0,,0.0
p20,20,200,4,0.0,wglasso,2,0.3898,0.2421,1.0,0.6584,190,0.034,0.1,7.0,,0.0
p20,20,200,4,0.1,fglasso,2,0.3915,0.2434,1.0,0.5813,189,0.068,0.2,7.0,,0.8995
p20,20,200,4,0.1,t_em,2,0.4503,0.2966,0.9348,0.3466,145,1.314,0.1057,7.0,,0.1724
p20,20,200,4,0.1,altt_em,2,0.4272,0.275,0.9565,0.3407,160,1.27,0.1057,7.0,,0.4688
p20,20,200,4,0.1,wglasso,2,0.3898,0.2421,1.0,0.6827,190,0.028,0.1,7.0,,0.0
p20,20,200,4,0.2,fglasso,2,0.3898,0.2421,1.0,0.7037,190,0.034,0.2,7.0,,0.9
p20,20,200,4,0.2,t_em,2,0.4279,0.2722,1.0,0.3889,169,1.141,0.1057,7.0,,0.2899
p20,20,200,4,0.2,altt_em,2,0.4053,0.2541,1.0,0.4282,181,0.911,0.1057,7.0,,0.5304
p20,20,200,4,0.2,wglasso,2,0.3898,0.2421,1.0,0.7118,190,0.032,0.1,7.0,,0.0
p20,20,200,4,0.0,fglasso,3,0.4722,0.6538,0.3696,0.3867,26,0.14,0.2,7.0,,0.0
p20,20,200,4,0.0,t_em,3,0.4678,0.32,0.8696,0.3136,125,1.328,0.1057,7.0,,0.0
p20,20,200,4,0.0,altt_em,3,0.4857,0.3617,0.7391,0.3285,94,1.564,0.1057,7.0,,0.0
p20,20,200,4,0.0,wglasso,3,0.3898,0.2421,1.0,0.6612,190,0.029,0.1,7.0,,0.0
p20,20,200,4,0.1,fglasso,3,0.3932,0.2447,1.0,0.5878,188,0.055,0.2,7.0,,0.8617
p20,20,200,4,0.1,t_em,3,0.4388,0.2867,0.9348,0.3403,150,1.214,0.1057,7.0,,0.1667
p20,20,200,4,0.1,altt_em,3,0.4059,0.2628,0.8913,0.3434,156,1.171,0.1057,7.0,,0.3974
p20,20,200,4,0.1,wglasso,3,0.3898,0.2421,1.0,0.6896,190,0.029,0.1,7.0,,0.0
p20,20,200,4,0.2,fglasso,3,0.3898,0.2421,1.0,0.6909,190,0.034,0.2,7.0,,0.8632
p20,20,200,4,0.2,t_em,3,0.4,0.2544,0.9348,0.3833,169,1.106,0.1057,7.0,,0.2604
p20,20,200,4,0.2,altt_em,3,0.3982,0.25,0.9783,0.4227,180,0.79,0.1057,7.0,,0.4778
p20,20,200,4,0.2,wglasso,3,0.3898,0.2421,1.0,0.7109,190,0.029,0.1,7.0,,0.0
p20,20,200,4,0.0,fglasso,4,0.3662,0.52,0.2826,0.3854,25,0.144,0.2,7.0,,0.0
p20,20,200,4,0.0,t_em,4,0.479,0.3306,0.8696,0.3016,121,1.308,0.1057,7.0,,0.0
p20,20,200,4,0.0,altt_em,4,0.5035,0.3711,0.7826,0.3131,97,1.475,0.1057,7.0,,0.0
p20,20,200,4,0.0,wglasso,4,0.3898,0.2421,1.0,0.6555,190,0.032,0.1,7.0,,0.0
p20,20,200,4,0.1,fglasso,4,0.3777,0.2353,0.9565,0.5739,187,0.053,0.2,7.0,,0.8663
p20,20,200,4,0.1,t_em,4,0.4388,0.2867,0.9348,0.3313,150,1.259,0.1057,7.0,,0.1933
p20,20,200,4,0.1,altt_em,4,0.4356,0.2821,0.9565,0.3236,156,1.173,0.1057,7.0,,0.3782
p20,20,200,4,0.1,wglasso,4,0.3898,0.2421,1.0,0.6821,190,0.029,0.1,7.0,,0.0
p20,20,200,4,0.2,fglasso,4,0.3898,0.2421,1.0,0.6938,190,0.031,0.2,7.0,,0.8684
p20,20,200,4,0.2,t_em,4,0.4231,0.2716,0.9565,0.3694,162,1.069,0.1057,7.0,,0.2531
p20,20,200,4,0.2,altt_em,4,0.3947,0.2473,0.9783,0.4042,182,0.796,0.1057,7.0,,0.467
p20,20,200,4,0.2,wglasso,4,0.3898,0.2421,1.0,0.7079,190,0.027,0.1,7.0,,0.0
p20,20,200,4,0.0,fglasso,5,0.4412,0.6818,0.3261,0.3794,22,0.124,0.2,7.0,,0.0
p20,20,200,4,0.0,t_em,5,0.497,0.3445,0.8913,0.3009,119,1.144,0.1057,7.0,,0.0
p20,20,200,4,0.0,altt_em,5,0.5217,0.3913,0.7826,0.3142,92,1.589,0.1057,7.0,,0.0
p20,20,200,4,0.0,wglasso,5,0.3898,0.2421,1.0,0.6526,190,0.027,0.1,7.0,,0.0
p20,20,200,4,0.1,fglasso,5,0.3843,0.2404,0.9565,0.5586,183,0.069,0.2,7.0,,0.8798
p20,20,200,4,0.1,t_em,5,0.4757,0.3165,0.9565,0.3256,139,1.097,0.1057,7.0,,0.1439
p20,20,200,4,0.1,altt_em,5,0.4536,0.2973,0.9565,0.3163,148,1.11,0.1057,7.0,,0.3784
p20,20,200,4,0.1,wglasso,5,0.3898,0.2421,1.0,0.6742,190,0.029,0.1,7.0,,0.0
p20,20,200,4,0.2,fglasso,5,0.3898,0.2421,1.0,0.7013,190,0.032,0.2,7.0,,0.8842
p20,20,200,4,0.2,t_em,5,0.4369,0.2812,0.9783,0.3698,160,1.002,0.1057,7.0,,0.2562
p20,20,200,4,0.2,altt_em,5,0.3913,0.2446,0.9783,0.4139,184,0.897,0.1057,7.0,,0.5
p20,20,200,4,0.2,wglasso,5,0.3898,0.2421,1.0,0.7102,190,0.027,0.1,7.0,,0.0
p20,20,200,4,0.0,fglasso,6,0.4242,0.7,0.3043,0.3855,20,0.138,0.2,7.0,,0.0
p20,20,200,4,0.0,t_em,6,0.4845,0.3391,0.8478,0.3093,115,1.329,0.1057,7.0,,0.0
p20,20,200,4,0.0,altt_em,6,0.5373,0.4091,0.7826,0.3201,88,1.594,0.1057,7.0,,0.0
p20,20,200,4,0.0,wglasso,6,0.3898,0.2421,1.0,0.6579,190,0.029,0.1,7.0,,0.0
p20,20,200,4,0.1,fglasso,6,0.3915,0.2434,1.0,0.5727,189,0.056,0.2,7.0,,0.8942
p20,20,200,4,0.1,t_em,6,0.4688,0.3082,0.9783,0.3342,146,1.279,0.1057,7.0,,0.2123
p20,20,200,4,0.1,altt_em,6,0.4536,0.2973,0.9565,0.3237,148,1.046,0.1057,7.0,,0.4054
p20,20,200,4,0.1,wglasso,6,0.3898,0.2421,1.0,0.6811,190,0.029,0.1,7.0,,0.0
p20,20,200,4,0.2,fglasso,6,0.3898,0.2421,1.0,0.7051,190,0.031,0.2,7.0,,0.8947
p20,20,200,4,0.2,t_em,6,0.4423,0.284,1.0,0.3754,162,1.177,0.1057,7.0,,0.2901
p20,20,200,4,0.2,altt_em,6,0.4,0.25,1.0,0.422,184,0.836,0.1057,7.0,,0.5217
p20,20,200,4,0.2,wglasso,6,0.3898,0.2421,1.0,0.7146,190,0.033,0.1,7.0,,0.0
p20,20,200,4,0.0,fglasso,7,0.3692,0.6316,0.2609,0.38,19,0.16,0.2,7.0,,0.0
p20,20,200,4,0.0,t_em,7,0.4699,0.325,0.8478,0.3156,120,1.429,0.1057,7.0,,0.0
p20,20,200,4,0.0,altt_em,7,0.4737,0.3396,0.7826,0.3325,106,1.792,0.1057,7.0,,0.0
p20,20,200,4,0.0,wglasso,7,0.3898,0.2421,1.0,0.6578,190,0.029,0.1,7.0,,0.0
p20,20,200,4,0.1,fglasso,7,0.4017,0.2514,1.0,0.5791,183,0.057,0.2,7.0,,0.8962
p20,20,200,4,0.1,t_em,7,0.4787,0.3169,0.9783,0.339,142,1.298,0.1057,7.0,,0.1549
p20,20,200,4,0.1,altt_em,7,0.4422,0.2876,0.9565,0.3347,153,1.35,0.1057,7.0,,0.3072
p20,20,200,4,0.1,wglasso,7,0.3898,0.2421,1.0,0.6843,190,0.03,0.1,7.0,,0.0
p20,20,200,4,0.2,fglasso,7,0.3898,0.2421,1.0,0.6934,190,0.037,0.2,7.0,,0.9
p20,20,200,4,0.2,t_em,7,0.4412,0.2848,0.9783,0.3757,158,1.192,0.1057,7.0,,0.2405
p20,20,200,4,0.2,altt_em,7,0.3913,0.2446,0.9783,0.4141,184,0.9,0.1057,7.0,,0.4239
p20,20,200,4,0.2,wglasso,7,0.3898,0.2421,1.0,0.7124,190,0.029,0.1,7.0,,0.0
p50,50,400,4,0.0,fglasso,0,0.1667,0.7576,0.0936,0.2916,33,1.739,0.071,7.0,,0.0
p50,50,400,4,0.0,t_em,0,0.1433,0.8077,0.0787,0.2906,26,8.527,0.071,7.0,,0.0
p50,50,400,4,0.0,altt_em,0,0.4118,0.3509,0.4981,0.3023,379,14.918,0.0377,7.0,,0.0
p50,50,400,4,0.0,wglasso,0,0.6452,0.6987,0.5993,0.86,229,0.069,0.2523,7.0,,0.0
p50,50,400,4,0.1,fglasso,0,0.356,0.2174,0.9813,0.5491,1205,1.156,0.071,7.0,,0.9726
p50,50,400,4,0.1,t_em,0,0.2679,0.6522,0.1685,0.3375,69,12.541,0.071,7.0,,0.6232
p50,50,400,4,0.1,altt_em,0,0.386,0.2517,0.8277,0.2919,878,12.85,0.0377,7.0,,0.5732
p50,50,400,4,0.1,wglasso,0,0.3579,0.218,1.0,0.8792,1225,0.104,0.2523,7.0,,0.8131
p50,50,400,4,0.2,fglasso,0,0.3581,0.2181,1.0,0.6635,1224,0.675,0.071,7.0,,0.973
p50,50,400,4,0.2,t_em,0,0.3513,0.4688,0.2809,0.4018,160,16.467,0.071,7.0,,0.8375
p50,50,400,4,0.2,altt_em,0,0.3617,0.2231,0.9551,0.3914,1143,15.158,0.0377,7.0,,0.6731
p50,50,400,4,0.2,wglasso,0,0.3579,0.218,1.0,0.8908,1225,0.105,0.2523,7.0,,0.8131
p50,50,400,4,0.0,fglasso,1,0.1638,0.9231,0.0899,0.2909,26,1.757,0.071,7.0,,0.0
p50,50,400,4,0.0,t_em,1,0.1581,0.9583,0.0861,0.2901,24,8.663,0.071,7.0,,0.0
p50,50,400,4,0.0,altt_em,1,0.409,0.3588,0.4757,0.3001,354,13.093,0.0377,7.0,,0.0
p50,50,400,4,0.0,wglasso,1,0.6151,0.6198,0.6105,0.8615,263,0.069,0.2523,7.0,,0.0
p50,50,400,4,0.1,fglasso,1,0.356,0.218,0.97,0.5391,1188,1.093,0.071,7.0,,0.9781
p50,50,400,4,0.1,t_em,1,0.2566,0.5789,0.1648,0.3361,76,12.829,0.071,7.0,,0.6842
p50,50,400,4,0.1,altt_em,1,0.3934,0.2603,0.8052,0.2857,826,13.199,0.0377,7.0,,0.5817
p50,50,400,4,0.1,wglasso,1,0.3579,0.218,1.0,0.8791,1225,0.106,0.2523,7.0,,0.7853
p50,50,400,4,0.2,fglasso,1,0.3579,0.218,1.0,0.6707,1225,0.659,0.071,7.0,,0.9788
p50,50,400,4,0.2,t_em,1,0.3364,0.4371,0.2734,0.4024,167,17.062,0.071,7.0,,0.8563
p50,50,400,4,0.2,altt_em,1,0.3667,0.2263,0.9663,0.3912,1140,14.95,0.0377,7.0,,0.6929
p50,50,400,4,0.2,wglasso,1,0.3579,0.218,1.0,0.8918,1225,0.106,0.2523,7.0,,0.7853
p50,50,400,4,0.0,fglasso,2,0.131,0.8261,0.0712,0.2956,23,1.772,0.071,7.0,,0.0
p50,50,400,4,0.0,t_em,2,0.1319,0.9048,0.0712,0.2946,21,8.849,0.071,7.0,,0.0
p50,50,400,4,0.0,altt_em,2,0.4031,0.3439,0.4869,0.3013,378,13.327,0.0377,7.0,,0.0
p50,50,400,4,0.0,wglasso,2,0.6,0.5644,0.6404,0.8604,303,0.075,0.2523,7.0,,0.0
p50,50,400,4,0.1,fglasso,2,0.3569,0.2182,0.9813,0.544,1201,1.094,0.071,7.0,,0.9808
p50,50,400,4,0.1,t_em,2,0.2529,0.589,0.161,0.3424,73,12.923,0.071,7.0,,0.7123
p50,50,400,4,0.1,altt_em,2,0.3911,0.2564,0.824,0.2945,858,13.369,0.0377,7.0,,0.5645
p50,50,400,4,0.1,wglasso,2,0.3581,0.2181,1.0,0.8788,1224,0.109,0.2523,7.0,,0.7525
p50,50,400,4,0.2,fglasso,2,0.3579,0.218,1.0,0.676,1225,0.681,0.071,7.0,,0.9812
p50,50,400,4,0.2,t_em,2,0.3727,0.474,0.3071,0.4069,173,16.492,0.071,7.0,,0.8786
p50,50,400,4,0.2,altt_em,2,0.3676,0.2268,0.97,0.3985,1142,15.234,0.0377,7.0,,0.669
p50,50,400,4,0.2,wglasso,2,0.3579,0.218,1.0,0.8924,1225,0.114,0.2523,7.0,,0.7527
p50,50,400,4,0.0,fglasso,3,0.1481,0.7333,0.0824,0.2949,30,1.805,0.071,7.0,,0.0
p50,50,400,4,0.0,t_em,3,0.1424,0.75,0.0787,0.2939,28,8.92,0.071,7.0,,0.0
p50,50,400,4,0.0,altt_em,3,0.4111,0.3365,0.5281,0.2994,419,13.256,0.0377,7.0,,0.0
p50,50,400,4,0.0,wglasso,3,0.4507,0.3358,0.6854,0.8605,545,0.07,0.2523,7.0,,0.0
p50,50,400,4,0.1,fglasso,3,0.3541,0.2166,0.97,0.5484,1196,1.147,0.071,7.0,,0.9749
p50,50,400,4,0.1,t_em,3,0.2914,0.6145,0.191,0.3382,83,13.112,0.071,7.0,,0.6627
p50,50,400,4,0.1,altt_em,3,0.3796,0.2466,0.824,0.2902,892,13.057,0.0377,7.0,,0.5609
p50,50,400,4,0.1,wglasso,3,0.3579,0.218,1.0,0.8797,1225,0.103,0.2523,7.0,,0.5551
p50,50,400,4,0.2,fglasso,3,0.3579,0.218,1.0,0.6683,1225,0.63,0.071,7.0,,0.9755
p50,50,400,4,0.2,t_em,3,0.3857,0.4804,0.3221,0.4047,179,16.527,0.071,7.0,,0.8436
p50,50,400,4,0.2,altt_em,3,0.3612,0.2231,0.9476,0.3898,1134,15.095,0.0377,7.0,,0.6389
p50,50,400,4,0.2,wglasso,3,0.3579,0.218,1.0,0.8917,1225,0.109,0.2523,7.0,,0.5551
p50,50,400,4,0.0,fglasso,4,0.1908,0.7838,0.1086,0.2932,37,1.853,0.071,7.0,,0.0
p50,50,400,4,0.0,t_em,4,0.1794,0.7941,0.1011,0.2924,34,9.06,0.071,7.0,,0.0
p50,50,400,4,0.0,altt_em,4,0.4012,0.3325,0.5056,0.3019,406,12.966,0.0377,7.0,,0.0
p50,50,400,4,0.0,wglasso,4,0.6236,0.6332,0.6142,0.8599,259,0.068,0.2523,7.0,,0.0
p50,50,400,4,0.1,fglasso,4,0.3599,0.2197,0.9963,0.549,1211,1.156,0.071,7.0,,0.9694
p50,50,400,4,0.1,t_em,4,0.2507,0.5658,0.161,0.3387,76,12.957,0.071,7.0,,0.5526
p50,50,400,4,0.1,altt_em,4,0.3793,0.2488,0.7978,0.2909,856,13.311,0.0377,7.0,,0.5594
p50,50,400,4,0.1,wglasso,4,0.3579,0.218,1.0,0.8788,1225,0.105,0.2523,7.0,,0.7886
p50,50,400,4,0.2,fglasso,4,0.3586,0.2185,1.0,0.6653,1222,0.649,0.071,7.0,,0.9697
p50,50,400,4,0.2,t_em,4,0.3395,0.4479,0.2734,0.4042,163,16.386,0.071,7.0,,0.7914
p50,50,400,4,0.2,altt_em,4,0.3612,0.2231,0.9476,0.3898,1134,13.429,0.0377,7.0,,0.6527
p50,50,400,4,0.2,wglasso,4,0.3579,0.218,1.0,0.8909,1225,0.102,0.2523,7.0,,0.7886
p50,50,400,4,0.0,fglasso,5,0.1523,0.6571,0.0861,0.2945,35,1.752,0.071,7.0,,0.0
p50,50,400,4,0.0,t_em,5,0.1544,0.7419,0.0861,0.2935,31,8.98,0.071,7.0,,0.0
p50,50,400,4,0.0,altt_em,5,0.4062,0.3446,0.4944,0.2942,383,13.211,0.0377,7.0,,0.0
p50,50,400,4,0.0,wglasso,5,0.6525,0.7574,0.573,0.8574,202,0.069,0.2523,7.0,,0.0
p50,50,400,4,0.1,fglasso,5,0.358,0.2185,0.9888,0.5529,1208,1.277,0.071,7.0,,0.971
p50,50,400,4,0.1,t_em,5,0.2808,0.5976,0.1835,0.3428,82,12.971,0.071,7.0,,0.622
p50,50,400,4,0.1,altt_em,5,0.3759,0.2441,0.8165,0.2899,893,13.199,0.0377,7.0,,0.5885
p50,50,400,4,0.1,wglasso,5,0.3579,0.218,1.0,0.8775,1225,0.105,0.2523,7.0,,0.8351
p50,50,400,4,0.2,fglasso,5,0.3584,0.2183,1.0,0.6689,1223,0.652,0.071,7.0,,0.9714
p50,50,400,4,0.2,t_em,5,0.3464,0.4518,0.2809,0.4046,166,16.222,0.071,7.0,,0.8133
p50,50,400,4,0.2,altt_em,5,0.3678,0.2261,0.985,0.3918,1163,15.182,0.0377,7.0,,0.6718
p50,50,400,4,0.2,wglasso,5,0.3579,0.218,1.0,0.8907,1225,0.105,0.2523,7.0,,0.8351
