cell,p,n,K,eps,method,rep,f1,precision,recall,op_err,n_edges,fit_s,lam,nu,nu_hat,jaccard
weakedge,12,200,4,0.0,fglasso,0,0.0625,0.0526,0.0769,0.2388,19,0.01,0.8963,7.0,,0.0
weakedge,12,200,4,0.0,t_em,0,0.0667,0.0588,0.0769,0.2424,17,0.067,0.8963,7.0,,0.0
weakedge,12,200,4,0.0,altt_em,0,0.1714,0.1364,0.2308,0.3259,22,0.061,0.8963,7.0,,0.0
weakedge,12,200,4,0.0,wglasso,0,0.1429,1.0,0.0769,0.5921,1,0.006,0.4756,7.0,,0.0
weakedge,12,200,4,0.1,fglasso,0,0.3291,0.197,1.0,0.5603,66,0.035,0.8963,7.0,,0.7121
weakedge,12,200,4,0.1,t_em,0,0.0667,0.0588,0.0769,0.2368,17,0.081,0.8963,7.0,,0.0
weakedge,12,200,4,0.1,altt_em,0,0.1111,0.087,0.1538,0.2549,23,0.109,0.8963,7.0,,0.2692
weakedge,12,200,4,0.1,wglasso,0,0.3291,0.197,1.0,0.3628,66,0.009,0.4756,7.0,,0.9848
weakedge,12,200,4,0.2,fglasso,0,0.3291,0.197,1.0,0.719,66,0.036,0.8963,7.0,,0.7121
weakedge,12,200,4,0.2,t_em,0,0.0625,0.0526,0.0769,0.2691,19,0.097,0.8963,7.0,,0.1053
weakedge,12,200,4,0.2,altt_em,0,0.2564,0.1923,0.3846,0.4,26,0.241,0.8963,7.0,,0.5882
weakedge,12,200,4,0.2,wglasso,0,0.3291,0.197,1.0,0.3377,66,0.012,0.4756,7.0,,0.9848
weakedge,12,200,4,0.0,fglasso,1,0.0,0.0,0.0,0.2319,13,0.01,0.8963,7.0,,0.0
weakedge,12,200,4,0.0,t_em,1,0.0571,0.0455,0.0769,0.2422,22,0.053,0.8963,7.0,,0.0
weakedge,12,200,4,0.0,altt_em,1,0.0,0.0,0.0,0.3473,12,0.061,0.8963,7.0,,0.0
weakedge,12,200,4,0.0,wglasso,1,0.2667,1.0,0.1538,0.5694,2,0.007,0.4756,7.0,,0.0
weakedge,12,200,4,0.1,fglasso,1,0.3291,0.197,1.0,0.5316,66,0.039,0.8963,7.0,,0.803
weakedge,12,200,4,0.1,t_em,1,0.0571,0.0455,0.0769,0.2271,22,0.064,0.8963,7.0,,0.0
weakedge,12,200,4,0.1,altt_em,1,0.0667,0.0588,0.0769,0.2421,17,0.108,0.8963,7.0,,0.55
weakedge,12,200,4,0.1,wglasso,1,0.3291,0.197,1.0,0.3737,66,0.009,0.4756,7.0,,0.9697
weakedge,12,200,4,0.2,fglasso,1,0.3291,0.197,1.0,0.7088,66,0.043,0.8963,7.0,,0.803
weakedge,12,200,4,0.2,t_em,1,0.0571,0.0455,0.0769,0.2533,22,0.091,0.8963,7.0,,0.087
weakedge,12,200,4,0.2,altt_em,1,0.1667,0.1143,0.3077,0.3761,35,0.204,0.8963,7.0,,0.6944
weakedge,12,200,4,0.2,wglasso,1,0.3291,0.197,1.0,0.3322,66,0.01,0.4756,7.0,,0.9697
weakedge,12,200,4,0.0,fglasso,2,0.0606,0.05,0.0769,0.2228,20,0.01,0.8963,7.0,,0.0
weakedge,12,200,4,0.0,t_em,2,0.1143,0.0909,0.1538,0.2222,22,0.059,0.8963,7.0,,0.0
weakedge,12,200,4,0.0,altt_em,2,0.0645,0.0556,0.0769,0.2861,18,0.067,0.8963,7.0,,0.0
weakedge,12,200,4,0.0,wglasso,2,0.0,0.0,0.0,0.606,1,0.007,0.4756,7.0,,0.0
weakedge,12,200,4,0.1,fglasso,2,0.3291,0.197,1.0,0.5501,66,0.033,0.8963,7.0,,0.697
weakedge,12,200,4,0.1,t_em,2,0.0606,0.05,0.0769,0.2334,20,0.07,0.8963,7.0,,0.0909
weakedge,12,200,4,0.1,altt_em,2,0.0,0.0,0.0,0.252,8,0.125,0.8963,7.0,,0.5556
weakedge,12,200,4,0.1,wglasso,2,0.3291,0.197,1.0,0.3726,66,0.008,0.4756,7.0,,0.9848
weakedge,12,200,4,0.2,fglasso,2,0.3291,0.197,1.0,0.7178,66,0.042,0.8963,7.0,,0.697
weakedge,12,200,4,0.2,t_em,2,0.0606,0.05,0.0769,0.2851,20,0.087,0.8963,7.0,,0.0909
weakedge,12,200,4,0.2,altt_em,2,0.4583,0.3143,0.8462,0.4123,35,0.233,0.8963,7.0,,0.6053
weakedge,12,200,4,0.2,wglasso,2,0.3291,0.197,1.0,0.3129,66,0.011,0.4756,7.0,,0.9848
weakedge,12,200,4,0.0,fglasso,3,0.08,0.0833,0.0769,0.2367,12,0.011,0.8963,7.0,,0.0
weakedge,12,200,4,0.0,t_em,3,0.1176,0.0952,0.1538,0.234,21,0.062,0.8963,7.0,,0.0
weakedge,12,200,4,0.0,altt_em,3,0.08,0.0833,0.0769,0.3225,12,0.07,0.8963,7.0,,0.0
weakedge,12,200,4,0.0,wglasso,3,0.1429,1.0,0.0769,0.6187,1,0.007,0.4756,7.0,,0.0
weakedge,12,200,4,0.1,fglasso,3,0.3291,0.197,1.0,0.573,66,0.031,0.8963,7.0,,0.8182
weakedge,12,200,4,0.1,t_em,3,0.1212,0.1,0.1538,0.2386,20,0.075,0.8963,7.0,,0.0476
weakedge,12,200,4,0.1,altt_em,3,0.0741,0.0714,0.0769,0.2704,14,0.124,0.8963,7.0,,0.4706
weakedge,12,200,4,0.1,wglasso,3,0.3291,0.197,1.0,0.3858,66,0.009,0.4756,7.0,,0.9848
weakedge,12,200,4,0.2,fglasso,3,0.3291,0.197,1.0,0.7019,66,0.04,0.8963,7.0,,0.8182
weakedge,12,200,4,0.2,t_em,3,0.129,0.1111,0.1538,0.2719,18,0.09,0.8963,7.0,,0.1429
weakedge,12,200,4,0.2,altt_em,3,0.2903,0.1837,0.6923,0.402,49,0.223,0.8963,7.0,,0.78
weakedge,12,200,4,0.2,wglasso,3,0.3291,0.197,1.0,0.3417,66,0.011,0.4756,7.0,,0.9848
weakedge,12,200,4,0.0,fglasso,4,0.0667,0.0588,0.0769,0.2389,17,0.011,0.8963,7.0,,0.0
weakedge,12,200,4,0.0,t_em,4,0.1579,0.12,0.2308,0.2435,25,0.059,0.8963,7.0,,0.0
weakedge,12,200,4,0.0,altt_em,4,0.1176,0.0952,0.1538,0.3217,21,0.065,0.8963,7.0,,0.0
weakedge,12,200,4,0.0,wglasso,4,0.0,0.0,0.0,0.5942,0,0.007,0.4756,7.0,,0.0
weakedge,12,200,4,0.1,fglasso,4,0.3291,0.197,1.0,0.5642,66,0.028,0.8963,7.0,,0.7424
weakedge,12,200,4,0.1,t_em,4,0.1622,0.125,0.2308,0.241,24,0.07,0.8963,7.0,,0.04
weakedge,12,200,4,0.1,altt_em,4,0.1111,0.087,0.1538,0.2577,23,0.115,0.8963,7.0,,0.4286
weakedge,12,200,4,0.1,wglasso,4,0.3291,0.197,1.0,0.3723,66,0.009,0.4756,7.0,,1.0
weakedge,12,200,4,0.2,fglasso,4,0.3291,0.197,1.0,0.7308,66,0.033,0.8963,7.0,,0.7424
weakedge,12,200,4,0.2,t_em,4,0.1667,0.1304,0.2308,0.2768,23,0.101,0.8963,7.0,,0.08
weakedge,12,200,4,0.2,altt_em,4,0.2449,0.1667,0.4615,0.417,36,0.276,0.8963,7.0,,0.5385
weakedge,12,200,4,0.2,wglasso,4,0.3291,0.197,1.0,0.3421,66,0.01,0.4756,7.0,,1.0
weakedge,12,200,4,0.0,fglasso,5,0.0714,0.0667,0.0769,0.2314,15,0.011,0.8963,7.0,,0.0
weakedge,12,200,4,0.0,t_em,5,0.0667,0.0588,0.0769,0.2322,17,0.07,0.8963,7.0,,0.0
weakedge,12,200,4,0.0,altt_em,5,0.069,0.0625,0.0769,0.3156,16,0.066,0.8963,7.0,,0.0
weakedge,12,200,4,0.0,wglasso,5,0.1333,0.5,0.0769,0.5814,2,0.007,0.4756,7.0,,0.0
weakedge,12,200,4,0.1,fglasso,5,0.3291,0.197,1.0,0.5854,66,0.026,0.8963,7.0,,0.7727
weakedge,12,200,4,0.1,t_em,5,0.129,0.1111,0.1538,0.2352,18,0.084,0.8963,7.0,,0.0556
weakedge,12,200,4,0.1,altt_em,5,0.1333,0.1176,0.1538,0.2562,17,0.122,0.8963,7.0,,0.2632
weakedge,12,200,4,0.1,wglasso,5,0.3291,0.197,1.0,0.3753,66,0.009,0.4756,7.0,,0.9697
weakedge,12,200,4,0.2,fglasso,5,0.3291,0.197,1.0,0.7197,66,0.041,0.8963,7.0,,0.7727
weakedge,12,200,4,0.2,t_em,5,0.129,0.1111,0.1538,0.278,18,0.103,0.8963,7.0,,0.0556
weakedge,12,200,4,0.2,altt_em,5,0.2979,0.2059,0.5385,0.4098,34,0.267,0.8963,7.0,,0.5714
weakedge,12,200,4,0.2,wglasso,5,0.3291,0.197,1.0,0.3379,66,0.01,0.4756,7.0,,0.9697
weakedge,12,200,4,0.0,fglasso,6,0.0,0.0,0.0,0.2214,13,0.011,0.8963,7.0,,0.0
weakedge,12,200,4,0.0,t_em,6,0.0714,0.0667,0.0769,0.2306,15,0.061,0.8963,7.0,,0.0
weakedge,12,200,4,0.0,altt_em,6,0.0,0.0,0.0,0.3176,10,0.07,0.8963,7.0,,0.0
weakedge,12,200,4,0.0,wglasso,6,0.0,0.0,0.0,0.5798,1,0.007,0.4756,7.0,,0.0
weakedge,12,200,4,0.1,fglasso,6,0.3291,0.197,1.0,0.561,66,0.032,0.8963,7.0,,0.803
weakedge,12,200,4,0.1,t_em,6,0.0,0.0,0.0,0.2266,13,0.085,0.8963,7.0,,0.1333
weakedge,12,200,4,0.1,altt_em,6,0.0741,0.0714,0.0769,0.2475,14,0.125,0.8963,7.0,,0.5
weakedge,12,200,4,0.1,wglasso,6,0.3291,0.197,1.0,0.3714,66,0.009,0.4756,7.0,,0.9848
weakedge,12,200,4,0.2,fglasso,6,0.3291,0.197,1.0,0.7121,66,0.042,0.8963,7.0,,0.803
weakedge,12,200,4,0.2,t_em,6,0.0,0.0,0.0,0.2644,13,0.105,0.8963,7.0,,0.1333
weakedge,12,200,4,0.2,altt_em,6,0.2667,0.1875,0.4615,0.394,32,0.248,0.8963,7.0,,0.7273
weakedge,12,200,4,0.2,wglasso,6,0.3291,0.197,1.0,0.3224,66,0.011,0.4756,7.0,,0.9848
weakedge,12,200,4,0.0,fglasso,7,0.1176,0.0952,0.1538,0.2267,21,0.01,0.8963,7.0,,0.0
weakedge,12,200,4,0.0,t_em,7,0.1538,0.1154,0.2308,0.2268,26,0.058,0.8963,7.0,,0.0
weakedge,12,200,4,0.0,altt_em,7,0.1212,0.1,0.1538,0.2877,20,0.066,0.8963,7.0,,0.0
weakedge,12,200,4,0.0,wglasso,7,0.0,0.0,0.0,0.606,0,0.007,0.4756,7.0,,0.0
weakedge,12,200,4,0.1,fglasso,7,0.3291,0.197,1.0,0.5952,66,0.033,0.8963,7.0,,0.6818
weakedge,12,200,4,0.1,t_em,7,0.1538,0.1154,0.2308,0.2389,26,0.07,0.8963,7.0,,0.0
weakedge,12,200,4,0.1,altt_em,7,0.1379,0.125,0.1538,0.2681,16,0.126,0.8963,7.0,,0.4348
weakedge,12,200,4,0.1,wglasso,7,0.3421,0.2063,1.0,0.3684,63,0.009,0.4756,7.0,,1.0
weakedge,12,200,4,0.2,fglasso,7,0.3291,0.197,1.0,0.7061,66,0.038,0.8963,7.0,,0.6818
weakedge,12,200,4,0.2,t_em,7,0.1538,0.1154,0.2308,0.2883,26,0.101,0.8963,7.0,,0.0
weakedge,12,200,4,0.2,altt_em,7,0.2963,0.1951,0.6154,0.4124,41,0.237,0.8963,7.0,,0.6136
weakedge,12,200,4,0.2,wglasso,7,0.3291,0.197,1.0,0.3333,66,0.011,0.4756,7.0,,1.0
weakedge,12,200,4,0.0,fglasso,8,0.0769,0.0769,0.0769,0.2282,13,0.011,0.8963,7.0,,0.0
weakedge,12,200,4,0.0,t_em,8,0.0714,0.0667,0.0769,0.2285,15,0.06,0.8963,7.0,,0.0
weakedge,12,200,4,0.0,altt_em,8,0.0769,0.0769,0.0769,0.3098,13,0.068,0.8963,7.0,,0.0
weakedge,12,200,4,0.0,wglasso,8,0.0,0.0,0.0,0.5879,1,0.006,0.4756,7.0,,0.0
weakedge,12,200,4,0.1,fglasso,8,0.3333,0.2,1.0,0.5481,65,0.039,0.8963,7.0,,0.8
weakedge,12,200,4,0.1,t_em,8,0.0714,0.0667,0.0769,0.2322,15,0.074,0.8963,7.0,,0.0
weakedge,12,200,4,0.1,altt_em,8,0.069,0.0625,0.0769,0.2499,16,0.122,0.8963,7.0,,0.2941
weakedge,12,200,4,0.1,wglasso,8,0.3333,0.2,1.0,0.3775,65,0.009,0.4756,7.0,,1.0
weakedge,12,200,4,0.2,fglasso,8,0.3291,0.197,1.0,0.7047,66,0.042,0.8963,7.0,,0.803
weakedge,12,200,4,0.2,t_em,8,0.0741,0.0714,0.0769,0.2692,14,0.105,0.8963,7.0,,0.0667
weakedge,12,200,4,0.2,altt_em,8,0.383,0.2647,0.6923,0.3943,34,0.248,0.8963,7.0,,0.6571
weakedge,12,200,4,0.2,wglasso,8,0.3291,0.197,1.0,0.3343,66,0.012,0.4756,7.0,,0.9848
weakedge,12,200,4,0.0,fglasso,9,0.0,0.0,0.0,0.2337,10,0.011,0.8963,7.0,,0.0
weakedge,12,200,4,0.0,t_em,9,0.0741,0.0714,0.0769,0.2325,14,0.063,0.8963,7.0,,0.0
weakedge,12,200,4,0.0,altt_em,9,0.0625,0.0526,0.0769,0.3252,19,0.068,0.8963,7.0,,0.0
weakedge,12,200,4,0.0,wglasso,9,0.125,0.3333,0.0769,0.5603,3,0.006,0.4756,7.0,,0.0
weakedge,12,200,4,0.1,fglasso,9,0.3291,0.197,1.0,0.5571,66,0.032,0.8963,7.0,,0.8485
weakedge,12,200,4,0.1,t_em,9,0.0,0.0,0.0,0.2338,12,0.075,0.8963,7.0,,0.1429
weakedge,12,200,4,0.1,altt_em,9,0.0714,0.0667,0.0769,0.253,15,0.117,0.8963,7.0,,0.4545
weakedge,12,200,4,0.1,wglasso,9,0.3333,0.2,1.0,0.3516,65,0.009,0.4756,7.0,,0.9538
weakedge,12,200,4,0.2,fglasso,9,0.3291,0.197,1.0,0.7047,66,0.031,0.8963,7.0,,0.8485
weakedge,12,200,4,0.2,t_em,9,0.0769,0.0769,0.0769,0.2728,13,0.107,0.8963,7.0,,0.2
weakedge,12,200,4,0.2,altt_em,9,0.1778,0.125,0.3077,0.3958,32,0.232,0.8963,7.0,,0.4545
weakedge,12,200,4,0.2,wglasso,9,0.3291,0.197,1.0,0.3346,66,0.009,0.4756,7.0,,0.9545
