rep,method,lam,precision,recall,f1,n_edges_est,n_edges_true,jaccard
0,t_em,0.118,0.1818,1.0,0.3077,66,12,0.0
0,fglasso,0.03,0.1818,1.0,0.3077,66,12,0.0
0,fglasso,0.048,0.1818,1.0,0.3077,66,12,0.0
0,fglasso,0.0767,0.1818,1.0,0.3077,66,12,0.0
0,fglasso,0.1225,0.1818,1.0,0.3077,66,12,0.0303
0,fglasso,0.1959,0.1818,1.0,0.3077,66,12,0.2121
0,fglasso,0.3131,0.1818,1.0,0.3077,66,12,0.6212
0,fglasso,0.5005,0.1818,1.0,0.3077,66,12,0.8333
0,fglasso,0.8,0.1846,1.0,0.3117,65,12,0.9692
1,t_em,0.118,0.1875,1.0,0.3158,64,12,0.0
1,fglasso,0.03,0.1818,1.0,0.3077,66,12,0.0
1,fglasso,0.048,0.1818,1.0,0.3077,66,12,0.0
1,fglasso,0.0767,0.1818,1.0,0.3077,66,12,0.0
1,fglasso,0.1225,0.1818,1.0,0.3077,66,12,0.0303
1,fglasso,0.1959,0.1818,1.0,0.3077,66,12,0.1667
1,fglasso,0.3131,0.1818,1.0,0.3077,66,12,0.6515
1,fglasso,0.5005,0.1818,1.0,0.3077,66,12,0.8636
1,fglasso,0.8,0.1818,1.0,0.3077,66,12,0.9697
2,t_em,0.118,0.1875,1.0,0.3158,64,12,0.0
2,fglasso,0.03,0.1818,1.0,0.3077,66,12,0.0
2,fglasso,0.048,0.1818,1.0,0.3077,66,12,0.0
2,fglasso,0.0767,0.1818,1.0,0.3077,66,12,0.0
2,fglasso,0.1225,0.1818,1.0,0.3077,66,12,0.0455
2,fglasso,0.1959,0.1818,1.0,0.3077,66,12,0.197
2,fglasso,0.3131,0.1818,1.0,0.3077,66,12,0.6667
2,fglasso,0.5005,0.1818,1.0,0.3077,66,12,0.8182
2,fglasso,0.8,0.1818,1.0,0.3077,66,12,0.9697
3,t_em,0.118,0.1846,1.0,0.3117,65,12,0.0
3,fglasso,0.03,0.1818,1.0,0.3077,66,12,0.0
3,fglasso,0.048,0.1818,1.0,0.3077,66,12,0.0
3,fglasso,0.0767,0.1818,1.0,0.3077,66,12,0.0
3,fglasso,0.1225,0.1818,1.0,0.3077,66,12,0.0152
3,fglasso,0.1959,0.1818,1.0,0.3077,66,12,0.1667
3,fglasso,0.3131,0.1818,1.0,0.3077,66,12,0.6515
3,fglasso,0.5005,0.1818,1.0,0.3077,66,12,0.8182
3,fglasso,0.8,0.1818,1.0,0.3077,66,12,0.9697
4,t_em,0.118,0.1818,1.0,0.3077,66,12,0.0152
4,fglasso,0.03,0.1818,1.0,0.3077,66,12,0.0
4,fglasso,0.048,0.1818,1.0,0.3077,66,12,0.0
4,fglasso,0.0767,0.1818,1.0,0.3077,66,12,0.0
4,fglasso,0.1225,0.1818,1.0,0.3077,66,12,0.0606
4,fglasso,0.1959,0.1818,1.0,0.3077,66,12,0.197
4,fglasso,0.3131,0.1818,1.0,0.3077,66,12,0.6212
4,fglasso,0.5005,0.1818,1.0,0.3077,66,12,0.8485
4,fglasso,0.8,0.1846,1.0,0.3117,65,12,0.9692
5,t_em,0.118,0.1818,1.0,0.3077,66,12,0.0152
5,fglasso,0.03,0.1818,1.0,0.3077,66,12,0.0
5,fglasso,0.048,0.1818,1.0,0.3077,66,12,0.0
5,fglasso,0.0767,0.1818,1.0,0.3077,66,12,0.0
5,fglasso,0.1225,0.1818,1.0,0.3077,66,12,0.0
5,fglasso,0.1959,0.1818,1.0,0.3077,66,12,0.1818
5,fglasso,0.3131,0.1818,1.0,0.3077,66,12,0.6364
5,fglasso,0.5005,0.1818,1.0,0.3077,66,12,0.8636
5,fglasso,0.8,0.1818,1.0,0.3077,66,12,0.9697
6,t_em,0.118,0.1818,1.0,0.3077,66,12,0.0303
6,fglasso,0.03,0.1818,1.0,0.3077,66,12,0.0
6,fglasso,0.048,0.1818,1.0,0.3077,66,12,0.0
6,fglasso,0.0767,0.1818,1.0,0.3077,66,12,0.0
6,fglasso,0.1225,0.1818,1.0,0.3077,66,12,0.0152
6,fglasso,0.1959,0.1818,1.0,0.3077,66,12,0.2727
6,fglasso,0.3131,0.1818,1.0,0.3077,66,12,0.6364
6,fglasso,0.5005,0.1818,1.0,0.3077,66,12,0.8485
6,fglasso,0.8,0.1905,1.0,0.32,63,12,0.9524
7,t_em,0.118,0.1846,1.0,0.3117,65,12,0.0154
7,fglasso,0.03,0.1818,1.0,0.3077,66,12,0.0
7,fglasso,0.048,0.1818,1.0,0.3077,66,12,0.0
7,fglasso,0.0767,0.1818,1.0,0.3077,66,12,0.0
7,fglasso,0.1225,0.1818,1.0,0.3077,66,12,0.0303
7,fglasso,0.1959,0.1818,1.0,0.3077,66,12,0.3485
7,fglasso,0.3131,0.1818,1.0,0.3077,66,12,0.6818
7,fglasso,0.5005,0.1818,1.0,0.3077,66,12,0.8182
7,fglasso,0.8,0.1846,1.0,0.3117,65,12,0.9692
8,t_em,0.118,0.1818,1.0,0.3077,66,12,0.0
8,fglasso,0.03,0.1818,1.0,0.3077,66,12,0.0
8,fglasso,0.048,0.1818,1.0,0.3077,66,12,0.0
8,fglasso,0.0767,0.1818,1.0,0.3077,66,12,0.0
8,fglasso,0.1225,0.1818,1.0,0.3077,66,12,0.0
8,fglasso,0.1959,0.1818,1.0,0.3077,66,12,0.1515
8,fglasso,0.3131,0.1818,1.0,0.3077,66,12,0.6212
8,fglasso,0.5005,0.1818,1.0,0.3077,66,12,0.803
8,fglasso,0.8,0.1846,1.0,0.3117,65,12,0.9692
9,t_em,0.118,0.1875,1.0,0.3158,64,12,0.0156
9,fglasso,0.03,0.1818,1.0,0.3077,66,12,0.0
9,fglasso,0.048,0.1818,1.0,0.3077,66,12,0.0
9,fglasso,0.0767,0.1818,1.0,0.3077,66,12,0.0
9,fglasso,0.1225,0.1818,1.0,0.3077,66,12,0.0152
9,fglasso,0.1959,0.1818,1.0,0.3077,66,12,0.1818
9,fglasso,0.3131,0.1818,1.0,0.3077,66,12,0.7121
9,fglasso,0.5005,0.1818,1.0,0.3077,66,12,0.8636
9,fglasso,0.8,0.1818,1.0,0.3077,66,12,0.9848
