cell,method,eps,f1_mean,f1_std,op_err_mean,op_err_std,jaccard_mean,jaccard_std,n_edges_mean,n_edges_std,fit_s_mean,fit_s_std
K3,altt_em,0.0,0.742,0.052,0.294,0.01,0.0,0.0,17.8,2.15,0.106,0.008
K3,altt_em,0.1,0.436,0.026,0.356,0.015,0.547,0.065,39.5,3.064,0.084,0.006
K3,fglasso,0.0,0.485,0.029,0.299,0.009,0.0,0.0,34.3,2.791,0.011,0.001
K3,fglasso,0.1,0.308,0.0,0.595,0.012,0.48,0.042,66.0,0.0,0.005,0.001
K3,t_em,0.0,0.659,0.058,0.319,0.008,0.0,0.0,21.6,2.797,0.084,0.006
K3,t_em,0.1,0.554,0.051,0.352,0.009,0.235,0.077,28.4,3.921,0.074,0.005
K3,wglasso,0.0,0.456,0.032,0.46,0.016,0.0,0.0,40.4,2.757,0.006,0.001
K3,wglasso,0.1,0.311,0.004,0.55,0.01,0.385,0.046,65.2,1.033,0.004,0.0
K6,altt_em,0.0,0.427,0.016,0.315,0.011,0.0,0.0,54.4,2.171,0.554,0.053
K6,altt_em,0.1,0.388,0.006,0.333,0.011,0.128,0.033,62.4,1.265,0.421,0.036
K6,fglasso,0.0,0.524,0.032,0.411,0.007,0.0,0.0,26.2,2.394,0.05,0.005
K6,fglasso,0.1,0.37,0.0,0.579,0.008,0.603,0.036,66.0,0.0,0.025,0.003
K6,t_em,0.0,0.406,0.009,0.318,0.01,0.0,0.0,58.9,1.595,0.582,0.051
K6,t_em,0.1,0.387,0.007,0.341,0.009,0.057,0.024,62.5,1.509,0.521,0.041
K6,wglasso,0.0,0.454,0.03,0.579,0.007,0.0,0.0,51.4,4.648,0.018,0.001
K6,wglasso,0.1,0.37,0.0,0.631,0.008,0.221,0.07,66.0,0.0,0.015,0.001
base,altt_em,0.0,0.56,0.028,0.278,0.012,0.0,0.0,32.8,2.486,0.176,0.016
base,altt_em,0.1,0.383,0.014,0.317,0.01,0.404,0.035,55.0,2.582,0.148,0.009
base,altt_em,0.2,0.343,0.007,0.426,0.007,0.478,0.046,62.9,1.524,0.107,0.006
base,fglasso,0.0,0.404,0.026,0.277,0.008,0.0,0.0,51.6,4.115,0.019,0.001
base,fglasso,0.1,0.329,0.0,0.544,0.01,0.218,0.062,66.0,0.0,0.011,0.001
base,fglasso,0.2,0.329,0.0,0.682,0.011,0.218,0.062,66.0,0.0,0.006,0.0
base,t_em,0.0,0.489,0.026,0.294,0.008,0.0,0.0,40.3,2.83,0.158,0.017
base,t_em,0.1,0.43,0.026,0.325,0.007,0.154,0.041,47.7,3.592,0.144,0.011
base,t_em,0.2,0.382,0.014,0.371,0.007,0.27,0.041,55.2,2.486,0.124,0.008
base,wglasso,0.0,0.53,0.191,0.524,0.009,0.0,0.0,41.6,17.852,0.008,0.001
base,wglasso,0.1,0.33,0.001,0.592,0.009,0.369,0.27,65.9,0.316,0.009,0.001
base,wglasso,0.2,0.329,0.0,0.643,0.005,0.37,0.27,66.0,0.0,0.009,0.001
mech_amplitude,altt_em,0.0,0.31,0.02,0.317,0.009,0.0,0.0,41.75,3.615,0.246,0.031
mech_amplitude,altt_em,0.1,0.29,0.014,0.353,0.013,0.282,0.056,58.125,2.031,0.189,0.034
mech_amplitude,altt_em,0.2,0.269,0.004,0.444,0.019,0.35,0.056,64.25,1.035,0.139,0.023
mech_amplitude,fglasso,0.0,0.499,0.059,0.421,0.007,0.0,0.0,15.125,2.031,0.021,0.002
mech_amplitude,fglasso,0.1,0.263,0.0,0.627,0.016,0.771,0.031,66.0,0.0,0.009,0.001
mech_amplitude,fglasso,0.2,0.263,0.0,0.743,0.007,0.771,0.031,66.0,0.0,0.012,0.003
mech_amplitude,t_em,0.0,0.302,0.029,0.327,0.007,0.0,0.0,49.75,3.196,0.231,0.023
mech_amplitude,t_em,0.1,0.295,0.016,0.354,0.009,0.087,0.027,54.5,2.828,0.198,0.019
mech_amplitude,t_em,0.2,0.292,0.008,0.391,0.008,0.152,0.038,58.625,1.847,0.172,0.019
mech_amplitude,wglasso,0.0,0.548,0.172,0.583,0.007,0.0,0.0,28.625,11.476,0.008,0.001
mech_amplitude,wglasso,0.1,0.264,0.002,0.633,0.011,0.568,0.172,65.75,0.463,0.009,0.001
mech_amplitude,wglasso,0.2,0.263,0.0,0.675,0.008,0.566,0.174,66.0,0.0,0.009,0.001
mech_blink,altt_em,0.0,0.592,0.032,0.263,0.011,0.0,0.0,31.0,2.39,0.166,0.005
mech_blink,altt_em,0.1,0.514,0.016,0.274,0.011,0.199,0.064,37.625,1.598,0.185,0.008
mech_blink,altt_em,0.2,0.507,0.023,0.288,0.007,0.226,0.049,38.375,2.2,0.209,0.011
mech_blink,fglasso,0.0,0.441,0.015,0.27,0.008,0.0,0.0,46.0,2.07,0.018,0.001
mech_blink,fglasso,0.1,0.384,0.016,0.325,0.009,0.178,0.036,54.875,2.748,0.018,0.001
mech_blink,fglasso,0.2,0.384,0.013,0.358,0.005,0.18,0.025,54.75,2.252,0.017,0.001
mech_blink,t_em,0.0,0.515,0.029,0.287,0.007,0.0,0.0,37.625,2.973,0.148,0.011
mech_blink,t_em,0.1,0.474,0.031,0.298,0.009,0.18,0.034,42.0,3.295,0.444,0.036
mech_blink,t_em,0.2,0.451,0.027,0.309,0.005,0.215,0.047,44.875,3.523,0.484,0.029
mech_blink,wglasso,0.0,0.418,0.047,0.518,0.005,0.0,0.0,49.875,6.402,0.008,0.001
mech_blink,wglasso,0.1,0.441,0.023,0.519,0.008,0.316,0.078,46.125,3.091,0.022,0.003
mech_blink,wglasso,0.2,0.468,0.026,0.533,0.008,0.335,0.113,42.75,3.059,0.034,0.005
n100,altt_em,0.0,0.633,0.062,0.392,0.015,0.0,0.0,20.6,2.797,0.529,0.105
n100,altt_em,0.1,0.558,0.031,0.387,0.008,0.57,0.052,47.9,3.247,0.371,0.078
n100,altt_em,0.2,0.518,0.013,0.453,0.011,0.663,0.042,61.1,2.424,0.26,0.04
n100,fglasso,0.0,0.581,0.036,0.361,0.009,0.0,0.0,44.1,2.424,0.048,0.009
n100,fglasso,0.1,0.5,0.0,0.502,0.01,0.332,0.037,66.0,0.0,0.024,0.002
n100,fglasso,0.2,0.5,0.0,0.61,0.009,0.332,0.037,66.0,0.0,0.019,0.004
n100,t_em,0.0,0.646,0.053,0.377,0.009,0.0,0.0,29.7,3.164,0.4,0.069
n100,t_em,0.1,0.596,0.042,0.393,0.008,0.272,0.06,40.8,2.741,0.385,0.051
n100,t_em,0.2,0.564,0.024,0.422,0.009,0.407,0.052,50.1,3.479,0.341,0.055
n100,wglasso,0.0,0.502,0.003,0.583,0.008,0.0,0.0,65.6,0.516,0.013,0.001
n100,wglasso,0.1,0.5,0.0,0.614,0.008,0.006,0.008,66.0,0.0,0.013,0.001
n100,wglasso,0.2,0.5,0.0,0.643,0.01,0.006,0.008,66.0,0.0,0.013,0.001
n400,altt_em,0.0,0.347,0.012,0.212,0.009,0.0,0.0,57.3,2.452,0.216,0.011
n400,altt_em,0.1,0.316,0.007,0.23,0.007,0.103,0.045,63.9,1.663,0.166,0.012
n400,altt_em,0.2,0.31,0.003,0.355,0.008,0.124,0.037,65.4,0.699,0.143,0.013
n400,fglasso,0.0,0.503,0.026,0.268,0.008,0.0,0.0,35.8,2.573,0.016,0.001
n400,fglasso,0.1,0.308,0.0,0.608,0.017,0.458,0.039,66.0,0.0,0.007,0.001
n400,fglasso,0.2,0.308,0.0,0.752,0.013,0.458,0.039,66.0,0.0,0.008,0.001
n400,t_em,0.0,0.328,0.007,0.201,0.009,0.0,0.0,61.2,1.476,0.179,0.01
n400,t_em,0.1,0.32,0.006,0.241,0.011,0.028,0.016,63.0,1.414,0.153,0.009
n400,t_em,0.2,0.311,0.004,0.295,0.01,0.06,0.021,65.1,0.994,0.133,0.007
n400,wglasso,0.0,0.5,0.034,0.462,0.007,0.0,0.0,36.2,3.393,0.009,0.001
n400,wglasso,0.1,0.308,0.001,0.558,0.009,0.451,0.051,65.9,0.316,0.007,0.001
n400,wglasso,0.2,0.308,0.0,0.616,0.006,0.451,0.051,66.0,0.0,0.006,0.001
nu10,t_em,0.0,0.442,0.022,0.298,0.009,0.0,0.0,41.875,2.85,0.162,0.019
nu10,t_em,0.1,0.408,0.013,0.33,0.008,0.107,0.041,46.875,1.885,0.146,0.011
nu15,t_em,0.0,0.586,0.051,0.323,0.01,0.0,0.0,32.75,3.808,0.156,0.014
nu15,t_em,0.1,0.503,0.026,0.362,0.01,0.216,0.069,41.75,2.915,0.145,0.012
nu3,t_em,0.0,0.788,0.067,0.336,0.007,0.0,0.0,22.375,2.504,0.231,0.033
nu3,t_em,0.1,0.684,0.045,0.358,0.009,0.26,0.068,30.375,3.503,0.2,0.029
nu5,t_em,0.0,0.501,0.031,0.333,0.01,0.0,0.0,36.875,2.357,0.203,0.018
nu5,t_em,0.1,0.473,0.028,0.356,0.011,0.166,0.052,44.25,1.909,0.18,0.019
nu7,t_em,0.0,0.474,0.023,0.281,0.008,0.0,0.0,41.375,2.722,0.126,0.007
nu7,t_em,0.1,0.417,0.026,0.312,0.009,0.164,0.049,49.625,4.069,0.11,0.007
nu_altt,altt_em,0.0,0.665,0.052,0.366,0.008,0.0,0.0,21.125,1.553,0.334,0.04
nu_altt,altt_em,0.1,0.574,0.033,0.39,0.01,0.477,0.047,40.5,2.268,0.239,0.033
nu_prof,t_em_prof,0.0,0.393,0.014,0.263,0.015,0.0,0.0,45.0,2.0,0.163,0.012
nu_prof,t_em_prof,0.1,0.375,0.02,0.299,0.016,0.131,0.038,47.75,3.012,0.129,0.008
p20,altt_em,0.0,0.507,0.029,0.322,0.008,0.0,0.0,93.125,6.77,1.625,0.117
p20,altt_em,0.1,0.438,0.016,0.33,0.01,0.392,0.044,153.25,5.365,1.155,0.117
p20,altt_em,0.2,0.398,0.005,0.418,0.008,0.49,0.036,182.5,1.512,0.839,0.056
p20,fglasso,0.0,0.423,0.051,0.384,0.004,0.0,0.0,21.875,2.588,0.145,0.012
p20,fglasso,0.1,0.391,0.007,0.576,0.009,0.883,0.014,186.375,2.387,0.059,0.006
p20,fglasso,0.2,0.39,0.0,0.699,0.006,0.885,0.014,190.0,0.0,0.032,0.002
p20,t_em,0.0,0.483,0.011,0.31,0.008,0.0,0.0,120.375,4.897,1.32,0.124
p20,t_em,0.1,0.461,0.02,0.336,0.007,0.164,0.028,144.125,5.89,1.229,0.073
p20,t_em,0.2,0.428,0.017,0.377,0.007,0.263,0.019,163.25,5.418,1.098,0.068
p20,wglasso,0.0,0.39,0.0,0.657,0.003,0.0,0.0,190.0,0.0,0.03,0.002
p20,wglasso,0.1,0.39,0.0,0.683,0.005,0.0,0.0,190.0,0.0,0.029,0.001
p20,wglasso,0.2,0.39,0.0,0.712,0.003,0.0,0.0,190.0,0.0,0.029,0.002
p50,altt_em,0.0,0.407,0.004,0.3,0.003,0.0,0.0,386.5,22.95,13.462,0.725
p50,altt_em,0.1,0.384,0.007,0.291,0.003,0.571,0.012,867.167,25.709,13.164,0.188
p50,altt_em,0.2,0.364,0.003,0.392,0.003,0.666,0.019,1142.667,10.69,14.841,0.699
p50,fglasso,0.0,0.159,0.02,0.293,0.002,0.0,0.0,30.667,5.391,1.78,0.042
p50,fglasso,0.1,0.357,0.002,0.547,0.005,0.974,0.004,1201.5,8.456,1.154,0.067
p50,fglasso,0.2,0.358,0.0,0.669,0.004,0.975,0.004,1224.0,1.265,0.658,0.019
p50,t_em,0.0,0.152,0.017,0.293,0.002,0.0,0.0,27.333,4.719,8.833,0.202
p50,t_em,0.1,0.267,0.016,0.339,0.003,0.643,0.056,76.5,5.32,12.889,0.193
p50,t_em,0.2,0.355,0.02,0.404,0.002,0.837,0.031,168.0,6.928,16.526,0.284
p50,wglasso,0.0,0.598,0.075,0.86,0.001,0.0,0.0,300.167,124.683,0.07,0.003
p50,wglasso,0.1,0.358,0.0,0.879,0.001,0.755,0.102,1224.833,0.408,0.105,0.002
p50,wglasso,0.2,0.358,0.0,0.891,0.001,0.755,0.102,1225.0,0.0,0.107,0.004
