method,eps,f1_mean,f1_std,precision_mean,precision_std,recall_mean,recall_std,op_err_mean,op_err_std,jaccard_mean,jaccard_std,n_edges_est_mean,n_edges_est_std
altt_em,0.0,0.607,0.032,0.481,0.028,0.826,0.051,0.319,0.011,0.0,0.0,43.0,2.513
altt_em,0.05,0.588,0.024,0.437,0.02,0.9,0.046,0.308,0.008,0.164,0.041,51.5,2.585
altt_em,0.1,0.575,0.019,0.412,0.017,0.954,0.033,0.327,0.009,0.257,0.05,58.0,2.695
altt_em,0.15,0.563,0.016,0.394,0.013,0.988,0.023,0.37,0.012,0.315,0.04,62.75,1.585
fglasso,0.0,0.618,0.032,0.483,0.028,0.858,0.048,0.327,0.007,0.0,0.0,44.45,2.373
fglasso,0.05,0.549,0.006,0.379,0.004,0.996,0.012,0.454,0.007,0.325,0.035,65.7,0.47
fglasso,0.1,0.549,0.0,0.379,0.0,1.0,0.0,0.55,0.011,0.327,0.036,66.0,0.0
fglasso,0.15,0.549,0.0,0.379,0.0,1.0,0.0,0.633,0.011,0.327,0.036,66.0,0.0
t_em,0.0,0.599,0.028,0.447,0.026,0.91,0.041,0.308,0.008,0.0,0.0,51.05,2.911
t_em,0.05,0.593,0.027,0.434,0.026,0.934,0.035,0.318,0.008,0.052,0.034,53.9,3.259
t_em,0.1,0.587,0.026,0.424,0.025,0.956,0.032,0.334,0.009,0.095,0.043,56.5,3.38
t_em,0.15,0.578,0.022,0.412,0.02,0.97,0.026,0.354,0.009,0.134,0.043,59.0,2.575
