rep,eps,method,op_err,precision,recall,f1,n_edges_est,n_edges_true,jaccard
0,0.0,fglasso,0.32860895994300166,0.4772727272727273,0.84,0.6086956521739131,44,25,0.0
0,0.0,t_em,0.30365990646183494,0.4782608695652174,0.88,0.619718309859155,46,25,0.0
0,0.0,altt_em,0.3220316426818099,0.4878048780487805,0.8,0.6060606060606061,41,25,0.0
0,0.05,fglasso,0.4614516503958891,0.3787878787878788,1.0,0.5494505494505494,66,25,0.33333333333333337
0,0.05,t_em,0.31329204733930943,0.45098039215686275,0.92,0.6052631578947368,51,25,0.0980392156862745
0,0.05,altt_em,0.3126553944492972,0.46,0.92,0.6133333333333333,50,25,0.18000000000000005
0,0.1,fglasso,0.5632493958700338,0.3787878787878788,1.0,0.5494505494505494,66,25,0.33333333333333337
0,0.1,t_em,0.32810127441084785,0.43859649122807015,1.0,0.6097560975609756,57,25,0.19298245614035092
0,0.1,altt_em,0.3308023422365852,0.41379310344827586,0.96,0.5783132530120482,58,25,0.2931034482758621
0,0.15,fglasso,0.6416806612453018,0.3787878787878788,1.0,0.5494505494505494,66,25,0.33333333333333337
0,0.15,t_em,0.34471431715312334,0.43859649122807015,1.0,0.6097560975609756,57,25,0.19298245614035092
0,0.15,altt_em,0.36979287439242137,0.4032258064516129,1.0,0.5747126436781609,62,25,0.33870967741935487
1,0.0,fglasso,0.33719840027979303,0.46511627906976744,0.8,0.5882352941176471,43,25,0.0
1,0.0,t_em,0.31891181882082886,0.46938775510204084,0.92,0.6216216216216216,49,25,0.0
1,0.0,altt_em,0.3320957199073814,0.4883720930232558,0.84,0.6176470588235294,43,25,0.0
1,0.05,fglasso,0.45012984073796125,0.3787878787878788,1.0,0.5494505494505494,66,25,0.3484848484848485
1,0.05,t_em,0.32824231943607846,0.4423076923076923,0.92,0.5974025974025974,52,25,0.05769230769230771
1,0.05,altt_em,0.32101382946446655,0.4489795918367347,0.88,0.5945945945945946,49,25,0.12244897959183676
1,0.1,fglasso,0.5392976993655636,0.3787878787878788,1.0,0.5494505494505494,66,25,0.3484848484848485
1,0.1,t_em,0.34224560499081663,0.42857142857142855,0.96,0.5925925925925924,56,25,0.125
1,0.1,altt_em,0.33538849174385127,0.43636363636363634,0.96,0.6,55,25,0.21818181818181814
1,0.15,fglasso,0.6301947162231315,0.3787878787878788,1.0,0.5494505494505494,66,25,0.3484848484848485
1,0.15,t_em,0.3595084591535161,0.42105263157894735,0.96,0.5853658536585366,57,25,0.14035087719298245
1,0.15,altt_em,0.38442759507235436,0.3870967741935484,0.96,0.5517241379310344,62,25,0.30645161290322576
2,0.0,fglasso,0.3276284802689814,0.4375,0.84,0.5753424657534247,48,25,0.0
2,0.0,t_em,0.30587938157995054,0.4583333333333333,0.88,0.6027397260273972,48,25,0.0
2,0.0,altt_em,0.3063379351940054,0.4523809523809524,0.76,0.5671641791044777,42,25,0.0
2,0.05,fglasso,0.4457761177496578,0.38461538461538464,1.0,0.5555555555555556,65,25,0.2615384615384615
2,0.05,t_em,0.3172391769591219,0.45098039215686275,0.92,0.6052631578947368,51,25,0.05882352941176472
2,0.05,altt_em,0.30182232604175074,0.4423076923076923,0.92,0.5974025974025974,52,25,0.1923076923076923
2,0.1,fglasso,0.5494757634800073,0.3787878787878788,1.0,0.5494505494505494,66,25,0.2727272727272727
2,0.1,t_em,0.33311542864340615,0.4339622641509434,0.92,0.5897435897435898,53,25,0.09433962264150941
2,0.1,altt_em,0.32472782942049183,0.4067796610169492,0.96,0.5714285714285714,59,25,0.288135593220339
2,0.15,fglasso,0.6385817742523778,0.3787878787878788,1.0,0.5494505494505494,66,25,0.2727272727272727
2,0.15,t_em,0.36571661275747813,0.43103448275862066,1.0,0.6024096385542169,58,25,0.1724137931034483
2,0.15,altt_em,0.3771557984269141,0.4098360655737705,1.0,0.5813953488372093,61,25,0.3114754098360656
3,0.0,fglasso,0.3214700842433157,0.5,0.84,0.6268656716417911,42,25,0.0
3,0.0,t_em,0.30569109665921945,0.43137254901960786,0.88,0.5789473684210527,51,25,0.0
3,0.0,altt_em,0.32445644210894453,0.4883720930232558,0.84,0.6176470588235294,43,25,0.0
3,0.05,fglasso,0.4418399653852471,0.3787878787878788,1.0,0.5494505494505494,66,25,0.36363636363636365
3,0.05,t_em,0.31411587531280594,0.4423076923076923,0.92,0.5974025974025974,52,25,0.019230769230769273
3,0.05,altt_em,0.3025795639118274,0.4230769230769231,0.88,0.5714285714285714,52,25,0.17307692307692313
3,0.1,fglasso,0.5393037507078242,0.3787878787878788,1.0,0.5494505494505494,66,25,0.36363636363636365
3,0.1,t_em,0.3279402287615032,0.43636363636363634,0.96,0.6,55,25,0.07272727272727275
3,0.1,altt_em,0.3126142458502517,0.40350877192982454,0.92,0.5609756097560975,57,25,0.24561403508771928
3,0.15,fglasso,0.6202363627364186,0.3787878787878788,1.0,0.5494505494505494,66,25,0.36363636363636365
3,0.15,t_em,0.34424239100327575,0.43859649122807015,1.0,0.6097560975609756,57,25,0.10526315789473684
3,0.15,altt_em,0.3522697829160144,0.3968253968253968,1.0,0.5681818181818182,63,25,0.31746031746031744
4,0.0,fglasso,0.33532529249639836,0.4489795918367347,0.88,0.5945945945945946,49,25,0.0
4,0.0,t_em,0.3171018198950391,0.42857142857142855,0.96,0.5925925925925924,56,25,0.0
4,0.0,altt_em,0.32136009227955403,0.425531914893617,0.8,0.5555555555555557,47,25,0.0
4,0.05,fglasso,0.4605305511242518,0.3787878787878788,1.0,0.5494505494505494,66,25,0.25757575757575757
4,0.05,t_em,0.33237020003435336,0.39344262295081966,0.96,0.5581395348837209,61,25,0.08196721311475408
4,0.05,altt_em,0.3138518009462392,0.42857142857142855,0.96,0.5925925925925924,56,25,0.1607142857142857
4,0.1,fglasso,0.569841950519831,0.3787878787878788,1.0,0.5494505494505494,66,25,0.25757575757575757
4,0.1,t_em,0.3514312472620204,0.38461538461538464,1.0,0.5555555555555556,65,25,0.1384615384615384
4,0.1,altt_em,0.33641513627973674,0.375,0.96,0.5393258426966292,64,25,0.265625
4,0.15,fglasso,0.6435630793358015,0.3787878787878788,1.0,0.5494505494505494,66,25,0.25757575757575757
4,0.15,t_em,0.3709551659308385,0.38461538461538464,1.0,0.5555555555555556,65,25,0.1384615384615384
4,0.15,altt_em,0.37822710068142507,0.38461538461538464,1.0,0.5555555555555556,65,25,0.27692307692307694
5,0.0,fglasso,0.32699440015405307,0.5,0.84,0.6268656716417911,42,25,0.0
5,0.0,t_em,0.3128708994760569,0.39622641509433965,0.84,0.5384615384615384,53,25,0.0
5,0.0,altt_em,0.33230014140466246,0.4418604651162791,0.76,0.5588235294117647,43,25,0.0
5,0.05,fglasso,0.44790041874396047,0.3787878787878788,1.0,0.5494505494505494,66,25,0.36363636363636365
5,0.05,t_em,0.31799412032778734,0.4074074074074074,0.88,0.5569620253164557,54,25,0.01851851851851849
5,0.05,altt_em,0.3101576394784773,0.39622641509433965,0.84,0.5384615384615384,53,25,0.18867924528301883
5,0.1,fglasso,0.5504193454884769,0.3787878787878788,1.0,0.5494505494505494,66,25,0.36363636363636365
5,0.1,t_em,0.3379142400089553,0.40350877192982454,0.92,0.5609756097560975,57,25,0.07017543859649122
5,0.1,altt_em,0.3237532959665427,0.4107142857142857,0.92,0.5679012345679012,56,25,0.2321428571428571
5,0.15,fglasso,0.6383082640909683,0.3787878787878788,1.0,0.5494505494505494,66,25,0.36363636363636365
5,0.15,t_em,0.3518839813022079,0.4067796610169492,0.96,0.5714285714285714,59,25,0.10169491525423724
5,0.15,altt_em,0.3644711972631208,0.4032258064516129,1.0,0.5747126436781609,62,25,0.30645161290322576
6,0.0,fglasso,0.32190702054896897,0.5111111111111111,0.92,0.6571428571428571,45,25,0.0
6,0.0,t_em,0.30438238249419836,0.45454545454545453,1.0,0.625,55,25,0.0
6,0.0,altt_em,0.31546739518285954,0.5111111111111111,0.92,0.6571428571428571,45,25,0.0
6,0.05,fglasso,0.44727931117750763,0.3787878787878788,1.0,0.5494505494505494,66,25,0.31818181818181823
6,0.05,t_em,0.3133502253602045,0.45454545454545453,1.0,0.625,55,25,0.0
6,0.05,altt_em,0.298261165290994,0.44642857142857145,1.0,0.617283950617284,56,25,0.1964285714285714
6,0.1,fglasso,0.5602453124452729,0.3787878787878788,1.0,0.5494505494505494,66,25,0.31818181818181823
6,0.1,t_em,0.33079257544731794,0.43859649122807015,1.0,0.6097560975609756,57,25,0.03508771929824561
6,0.1,altt_em,0.32593609602784984,0.423728813559322,1.0,0.5952380952380952,59,25,0.23728813559322037
6,0.15,fglasso,0.6507469726879235,0.3787878787878788,1.0,0.5494505494505494,66,25,0.31818181818181823
6,0.15,t_em,0.3533753685022476,0.423728813559322,1.0,0.5952380952380952,59,25,0.06779661016949157
6,0.15,altt_em,0.37416322528863716,0.4032258064516129,1.0,0.5747126436781609,62,25,0.27419354838709675
7,0.0,fglasso,0.33132636290932466,0.47619047619047616,0.8,0.5970149253731344,42,25,0.0
7,0.0,t_em,0.31951725278251647,0.4782608695652174,0.88,0.619718309859155,46,25,0.0
7,0.0,altt_em,0.32817029537638975,0.5,0.76,0.6031746031746031,38,25,0.0
7,0.05,fglasso,0.458824026431319,0.36923076923076925,0.96,0.5333333333333334,65,25,0.3538461538461538
7,0.05,t_em,0.32573547062292285,0.4583333333333333,0.88,0.6027397260273972,48,25,0.04166666666666663
7,0.05,altt_em,0.3118060046027143,0.42857142857142855,0.84,0.5675675675675675,49,25,0.22448979591836737
7,0.1,fglasso,0.5436110157348695,0.3787878787878788,1.0,0.5494505494505494,66,25,0.36363636363636365
7,0.1,t_em,0.3400980299537608,0.48,0.96,0.64,50,25,0.07999999999999996
7,0.1,altt_em,0.3265753260048123,0.42857142857142855,0.96,0.5925925925925924,56,25,0.3214285714285714
7,0.15,fglasso,0.6232553569849884,0.3787878787878788,1.0,0.5494505494505494,66,25,0.36363636363636365
7,0.15,t_em,0.36058387549172516,0.42105263157894735,0.96,0.5853658536585366,57,25,0.19298245614035092
7,0.15,altt_em,0.3661170790540535,0.390625,1.0,0.5617977528089888,64,25,0.40625
8,0.0,fglasso,0.3137705878857448,0.4782608695652174,0.88,0.619718309859155,46,25,0.0
8,0.0,t_em,0.292216040360665,0.4339622641509434,0.92,0.5897435897435898,53,25,0.0
8,0.0,altt_em,0.2866544962776004,0.4782608695652174,0.88,0.619718309859155,46,25,0.0
8,0.05,fglasso,0.45829085629227917,0.3787878787878788,1.0,0.5494505494505494,66,25,0.303030303030303
8,0.05,t_em,0.3077929005942318,0.4107142857142857,0.92,0.5679012345679012,56,25,0.0535714285714286
8,0.05,altt_em,0.2884687718768543,0.43137254901960786,0.88,0.5789473684210527,51,25,0.0980392156862745
8,0.1,fglasso,0.5418343462598814,0.3787878787878788,1.0,0.5494505494505494,66,25,0.303030303030303
8,0.1,t_em,0.3284564307057067,0.4107142857142857,0.92,0.5679012345679012,56,25,0.0535714285714286
8,0.1,altt_em,0.31814818654033755,0.38596491228070173,0.88,0.5365853658536586,57,25,0.19298245614035092
8,0.15,fglasso,0.6156615328473072,0.3787878787878788,1.0,0.5494505494505494,66,25,0.303030303030303
8,0.15,t_em,0.35435400944205486,0.4,0.96,0.5647058823529413,60,25,0.1166666666666667
8,0.15,altt_em,0.3488416390503018,0.3870967741935484,0.96,0.5517241379310344,62,25,0.25806451612903225
9,0.0,fglasso,0.3193405690479117,0.4888888888888889,0.88,0.6285714285714286,45,25,0.0
9,0.0,t_em,0.3014350303108208,0.41818181818181815,0.92,0.575,55,25,0.0
9,0.0,altt_em,0.31666499756173705,0.5116279069767442,0.88,0.6470588235294118,43,25,0.0
9,0.05,fglasso,0.4559492408790824,0.3787878787878788,1.0,0.5494505494505494,66,25,0.31818181818181823
9,0.05,t_em,0.31242482400299,0.4,0.96,0.5647058823529413,60,25,0.08333333333333337
9,0.05,altt_em,0.2995912570547712,0.42857142857142855,0.96,0.5925925925925924,56,25,0.2321428571428571
9,0.1,fglasso,0.5463742598662965,0.3787878787878788,1.0,0.5494505494505494,66,25,0.31818181818181823
9,0.1,t_em,0.3256276832509174,0.4032258064516129,1.0,0.5747126436781609,62,25,0.11290322580645162
9,0.1,altt_em,0.3170579454217919,0.4032258064516129,1.0,0.5747126436781609,62,25,0.30645161290322576
9,0.15,fglasso,0.6304038738793074,0.3787878787878788,1.0,0.5494505494505494,66,25,0.31818181818181823
9,0.15,t_em,0.34665140949123724,0.3968253968253968,1.0,0.5681818181818182,63,25,0.12698412698412698
9,0.15,altt_em,0.3687596882519586,0.3870967741935484,0.96,0.5517241379310344,62,25,0.30645161290322576
10,0.0,fglasso,0.32619995539879565,0.5,0.84,0.6268656716417911,42,25,0.0
10,0.0,t_em,0.30725137310773454,0.46938775510204084,0.92,0.6216216216216216,49,25,0.0
10,0.0,altt_em,0.33564740995921366,0.5,0.8,0.6153846153846154,40,25,0.0
10,0.05,fglasso,0.45543550045961595,0.3787878787878788,1.0,0.5494505494505494,66,25,0.36363636363636365
10,0.05,t_em,0.3155771921506595,0.42857142857142855,0.96,0.5925925925925924,56,25,0.125
10,0.05,altt_em,0.31413911411949114,0.4489795918367347,0.88,0.5945945945945946,49,25,0.18367346938775508
10,0.1,fglasso,0.5595479370488832,0.3787878787878788,1.0,0.5494505494505494,66,25,0.36363636363636365
10,0.1,t_em,0.3293196294185142,0.4067796610169492,0.96,0.5714285714285714,59,25,0.1694915254237288
10,0.1,altt_em,0.3237822794304284,0.4067796610169492,0.96,0.5714285714285714,59,25,0.3220338983050848
10,0.15,fglasso,0.6184783460100194,0.3787878787878788,1.0,0.5494505494505494,66,25,0.36363636363636365
10,0.15,t_em,0.34539440579178765,0.3870967741935484,0.96,0.5517241379310344,62,25,0.20967741935483875
10,0.15,altt_em,0.3554055294664118,0.3709677419354839,0.92,0.5287356321839081,62,25,0.3548387096774194
11,0.0,fglasso,0.3256688255646183,0.45652173913043476,0.84,0.5915492957746479,46,25,0.0
11,0.0,t_em,0.3076421463170792,0.4074074074074074,0.88,0.5569620253164557,54,25,0.0
11,0.0,altt_em,0.3162881948239706,0.4444444444444444,0.8,0.5714285714285714,45,25,0.0
11,0.05,fglasso,0.4504076658811452,0.3787878787878788,1.0,0.5494505494505494,66,25,0.303030303030303
11,0.05,t_em,0.3176410038772231,0.4,0.88,0.55,55,25,0.018181818181818188
11,0.05,altt_em,0.30269083028995186,0.4230769230769231,0.88,0.5714285714285714,52,25,0.13461538461538458
11,0.1,fglasso,0.5509073767571283,0.3787878787878788,1.0,0.5494505494505494,66,25,0.303030303030303
11,0.1,t_em,0.330362432479072,0.4107142857142857,0.92,0.5679012345679012,56,25,0.0357142857142857
11,0.1,altt_em,0.32443742170958756,0.4067796610169492,0.96,0.5714285714285714,59,25,0.23728813559322037
11,0.15,fglasso,0.6297270102495102,0.3787878787878788,1.0,0.5494505494505494,66,25,0.303030303030303
11,0.15,t_em,0.3517765484975838,0.4067796610169492,0.96,0.5714285714285714,59,25,0.0847457627118644
11,0.15,altt_em,0.38062691378640146,0.3787878787878788,1.0,0.5494505494505494,66,25,0.31818181818181823
12,0.0,fglasso,0.3140797710478954,0.5111111111111111,0.92,0.6571428571428571,45,25,0.0
12,0.0,t_em,0.2932269798741222,0.45098039215686275,0.92,0.6052631578947368,51,25,0.0
12,0.0,altt_em,0.3103006078751669,0.5,0.92,0.647887323943662,46,25,0.0
12,0.05,fglasso,0.45399007569482785,0.3787878787878788,1.0,0.5494505494505494,66,25,0.31818181818181823
12,0.05,t_em,0.3042182203722201,0.4339622641509434,0.92,0.5897435897435898,53,25,0.037735849056603765
12,0.05,altt_em,0.30023255799947574,0.46,0.92,0.6133333333333333,50,25,0.07999999999999996
12,0.1,fglasso,0.525006908622329,0.3787878787878788,1.0,0.5494505494505494,66,25,0.31818181818181823
12,0.1,t_em,0.31680549517007844,0.42857142857142855,0.96,0.5925925925925924,56,25,0.0892857142857143
12,0.1,altt_em,0.3132021312384746,0.4339622641509434,0.92,0.5897435897435898,53,25,0.13207547169811318
12,0.15,fglasso,0.6362663594353755,0.3787878787878788,1.0,0.5494505494505494,66,25,0.31818181818181823
12,0.15,t_em,0.3386450825945058,0.42105263157894735,0.96,0.5853658536585366,57,25,0.10526315789473684
12,0.15,altt_em,0.35979118066381105,0.4032258064516129,1.0,0.5747126436781609,62,25,0.25806451612903225
13,0.0,fglasso,0.3263906705860793,0.44680851063829785,0.84,0.5833333333333334,47,25,0.0
13,0.0,t_em,0.30778890003067344,0.41509433962264153,0.88,0.5641025641025641,53,25,0.0
13,0.0,altt_em,0.31748335323321264,0.43478260869565216,0.8,0.5633802816901409,46,25,0.0
13,0.05,fglasso,0.45838402003240086,0.36923076923076925,0.96,0.5333333333333334,65,25,0.303030303030303
13,0.05,t_em,0.31738849141207837,0.4107142857142857,0.92,0.5679012345679012,56,25,0.0535714285714286
13,0.05,altt_em,0.30423514468987234,0.41818181818181815,0.92,0.575,55,25,0.1636363636363637
13,0.1,fglasso,0.5433750634244771,0.3787878787878788,1.0,0.5494505494505494,66,25,0.28787878787878785
13,0.1,t_em,0.3360165373828033,0.40350877192982454,0.92,0.5609756097560975,57,25,0.07017543859649122
13,0.1,altt_em,0.32336034310610073,0.423728813559322,1.0,0.5952380952380952,59,25,0.22033898305084743
13,0.15,fglasso,0.6469638600861607,0.3787878787878788,1.0,0.5494505494505494,66,25,0.28787878787878785
13,0.15,t_em,0.35742291493357886,0.3898305084745763,0.92,0.5476190476190477,59,25,0.10169491525423724
13,0.15,altt_em,0.3667742094998393,0.4032258064516129,1.0,0.5747126436781609,62,25,0.25806451612903225
14,0.0,fglasso,0.33683511461226334,0.5,0.84,0.6268656716417911,42,25,0.0
14,0.0,t_em,0.31857464333619356,0.4375,0.84,0.5753424657534247,48,25,0.0
14,0.0,altt_em,0.3192351435994651,0.4878048780487805,0.8,0.6060606060606061,41,25,0.0
14,0.05,fglasso,0.45470060783698035,0.38461538461538464,1.0,0.5555555555555556,65,25,0.3538461538461538
14,0.05,t_em,0.331428728466513,0.45098039215686275,0.92,0.6052631578947368,51,25,0.05882352941176472
14,0.05,altt_em,0.3168252119838377,0.42,0.84,0.5599999999999999,50,25,0.18000000000000005
14,0.1,fglasso,0.5578793416687997,0.3787878787878788,1.0,0.5494505494505494,66,25,0.36363636363636365
14,0.1,t_em,0.34283580877059877,0.4339622641509434,0.92,0.5897435897435898,53,25,0.09433962264150941
14,0.1,altt_em,0.34079342968457044,0.42105263157894735,0.96,0.5853658536585366,57,25,0.2807017543859649
14,0.15,fglasso,0.6368970835663736,0.3787878787878788,1.0,0.5494505494505494,66,25,0.36363636363636365
14,0.15,t_em,0.3680711874075436,0.39344262295081966,0.96,0.5581395348837209,61,25,0.21311475409836067
14,0.15,altt_em,0.3894044061298399,0.3968253968253968,1.0,0.5681818181818182,63,25,0.3492063492063492
15,0.0,fglasso,0.31648808300355197,0.5454545454545454,0.96,0.6956521739130435,44,25,0.0
15,0.0,t_em,0.2963133860805072,0.47058823529411764,0.96,0.631578947368421,51,25,0.0
15,0.0,altt_em,0.3134686279298241,0.5238095238095238,0.88,0.6567164179104478,42,25,0.0
15,0.05,fglasso,0.44082439856216077,0.38461538461538464,1.0,0.5555555555555556,65,25,0.32307692307692304
15,0.05,t_em,0.30299815068866376,0.4716981132075472,1.0,0.641025641025641,53,25,0.037735849056603765
15,0.05,altt_em,0.3026579807054952,0.48,0.96,0.64,50,25,0.16000000000000003
15,0.1,fglasso,0.5395685020751187,0.3787878787878788,1.0,0.5494505494505494,66,25,0.33333333333333337
15,0.1,t_em,0.31860709010805616,0.46296296296296297,1.0,0.6329113924050632,54,25,0.05555555555555558
15,0.1,altt_em,0.3149993778005233,0.423728813559322,1.0,0.5952380952380952,59,25,0.288135593220339
15,0.15,fglasso,0.6244384117510173,0.3787878787878788,1.0,0.5494505494505494,66,25,0.33333333333333337
15,0.15,t_em,0.33969865969253904,0.43103448275862066,1.0,0.6024096385542169,58,25,0.12068965517241381
15,0.15,altt_em,0.35489335060084637,0.4166666666666667,1.0,0.5882352941176471,60,25,0.30000000000000004
16,0.0,fglasso,0.34046944871692,0.45652173913043476,0.84,0.5915492957746479,46,25,0.0
16,0.0,t_em,0.31793498207253035,0.4423076923076923,0.92,0.5974025974025974,52,25,0.0
16,0.0,altt_em,0.3275210380636723,0.4772727272727273,0.84,0.6086956521739131,44,25,0.0
16,0.05,fglasso,0.46401034398656554,0.3787878787878788,1.0,0.5494505494505494,66,25,0.303030303030303
16,0.05,t_em,0.3259475592029215,0.43636363636363634,0.96,0.6,55,25,0.054545454545454564
16,0.05,altt_em,0.3121633568292757,0.41509433962264153,0.88,0.5641025641025641,53,25,0.16981132075471694
16,0.1,fglasso,0.5551653364463927,0.3787878787878788,1.0,0.5494505494505494,66,25,0.303030303030303
16,0.1,t_em,0.33972531789720256,0.41379310344827586,0.96,0.5783132530120482,58,25,0.10344827586206895
16,0.1,altt_em,0.33989325856855,0.39344262295081966,0.96,0.5581395348837209,61,25,0.2786885245901639
16,0.15,fglasso,0.6512283110474746,0.3787878787878788,1.0,0.5494505494505494,66,25,0.303030303030303
16,0.15,t_em,0.3661380594224404,0.4,0.96,0.5647058823529413,60,25,0.1333333333333333
16,0.15,altt_em,0.3851498003852559,0.38461538461538464,1.0,0.5555555555555556,65,25,0.32307692307692304
17,0.0,fglasso,0.3297531296063159,0.5227272727272727,0.92,0.6666666666666666,44,25,0.0
17,0.0,t_em,0.3088518323539158,0.4897959183673469,0.96,0.6486486486486486,49,25,0.0
17,0.0,altt_em,0.31920192663391883,0.5121951219512195,0.84,0.6363636363636365,41,25,0.0
17,0.05,fglasso,0.4500310348463614,0.38461538461538464,1.0,0.5555555555555556,65,25,0.32307692307692304
17,0.05,t_em,0.31806023687194396,0.4897959183673469,0.96,0.6486486486486486,49,25,0.0
17,0.05,altt_em,0.31317976761921096,0.4583333333333333,0.88,0.6027397260273972,48,25,0.14583333333333337
17,0.1,fglasso,0.5465747243572182,0.3787878787878788,1.0,0.5494505494505494,66,25,0.33333333333333337
17,0.1,t_em,0.33725014447208396,0.46153846153846156,0.96,0.6233766233766234,52,25,0.05769230769230771
17,0.1,altt_em,0.3321547973982806,0.4339622641509434,0.92,0.5897435897435898,53,25,0.2264150943396226
17,0.15,fglasso,0.6376727280006327,0.3787878787878788,1.0,0.5494505494505494,66,25,0.33333333333333337
17,0.15,t_em,0.3551504472731094,0.4528301886792453,0.96,0.6153846153846154,53,25,0.07547169811320753
17,0.15,altt_em,0.379316552518649,0.4098360655737705,1.0,0.5813953488372093,61,25,0.3278688524590164
18,0.0,fglasso,0.3288373533059445,0.46808510638297873,0.88,0.6111111111111112,47,25,0.0
18,0.0,t_em,0.30876563057785267,0.46,0.92,0.6133333333333333,50,25,0.0
18,0.0,altt_em,0.3111828506375273,0.4666666666666667,0.84,0.6000000000000001,45,25,0.0
18,0.05,fglasso,0.45682593921431663,0.3787878787878788,1.0,0.5494505494505494,66,25,0.28787878787878785
18,0.05,t_em,0.3233635776829665,0.42857142857142855,0.96,0.5925925925925924,56,25,0.1071428571428571
18,0.05,altt_em,0.30748300388195476,0.46,0.92,0.6133333333333333,50,25,0.09999999999999998
18,0.1,fglasso,0.5530736326108752,0.3787878787878788,1.0,0.5494505494505494,66,25,0.28787878787878785
18,0.1,t_em,0.34310390797950885,0.4067796610169492,0.96,0.5714285714285714,59,25,0.15254237288135597
18,0.1,altt_em,0.3342252244120439,0.41379310344827586,0.96,0.5783132530120482,58,25,0.22413793103448276
18,0.15,fglasso,0.6317408536977799,0.3787878787878788,1.0,0.5494505494505494,66,25,0.28787878787878785
18,0.15,t_em,0.3598756628830022,0.4067796610169492,0.96,0.5714285714285714,59,25,0.15254237288135597
18,0.15,altt_em,0.37566977948939234,0.36923076923076925,0.96,0.5333333333333334,65,25,0.3076923076923077
19,0.0,fglasso,0.3269783241007069,0.475,0.76,0.5846153846153846,40,25,0.0
19,0.0,t_em,0.3094914488274291,0.4423076923076923,0.92,0.5974025974025974,52,25,0.0
19,0.0,altt_em,0.32473145285643307,0.48717948717948717,0.76,0.59375,39,25,0.0
19,0.05,fglasso,0.46358257496993505,0.3787878787878788,1.0,0.5494505494505494,66,25,0.3939393939393939
19,0.05,t_em,0.3193584052685619,0.42592592592592593,0.92,0.5822784810126582,54,25,0.03703703703703709
19,0.05,altt_em,0.31945031966124565,0.42857142857142855,0.84,0.5675675675675675,49,25,0.20408163265306123
19,0.1,fglasso,0.5634811693239222,0.3787878787878788,1.0,0.5494505494505494,66,25,0.3939393939393939
19,0.1,t_em,0.3353062315477815,0.39655172413793105,0.92,0.5542168674698796,58,25,0.10344827586206895
19,0.1,altt_em,0.3398615097048351,0.3898305084745763,0.92,0.5476190476190477,59,25,0.3389830508474576
19,0.15,fglasso,0.6197061224298636,0.3787878787878788,1.0,0.5494505494505494,66,25,0.3939393939393939
19,0.15,t_em,0.3516953695398036,0.38333333333333336,0.92,0.5411764705882353,60,25,0.1333333333333333
19,0.15,altt_em,0.3752010392530749,0.390625,1.0,0.5617977528089888,64,25,0.390625
