rep,eps,method,precision,recall,f1,n_edges_est,n_edges_true,jaccard
0,0.0,fglasso,0.4375,0.84,0.5753424657534247,48,25,0.0
0,0.0,t_em,0.46153846153846156,0.96,0.6233766233766234,52,25,0.0
0,0.0,altt_em,0.43478260869565216,0.8,0.5633802816901409,46,25,0.0
0,0.1,fglasso,0.4375,0.84,0.5753424657534247,48,25,0.0
0,0.1,t_em,0.4528301886792453,0.96,0.6153846153846154,53,25,0.018867924528301883
0,0.1,altt_em,0.43478260869565216,0.8,0.5633802816901409,46,25,0.0
1,0.0,fglasso,0.4444444444444444,0.8,0.5714285714285714,45,25,0.0
1,0.0,t_em,0.4230769230769231,0.88,0.5714285714285714,52,25,0.0
1,0.0,altt_em,0.4878048780487805,0.8,0.6060606060606061,41,25,0.0
1,0.1,fglasso,0.43478260869565216,0.8,0.5633802816901409,46,25,0.021739130434782594
1,0.1,t_em,0.42,0.84,0.5599999999999999,50,25,0.038461538461538436
1,0.1,altt_em,0.4878048780487805,0.8,0.6060606060606061,41,25,0.04761904761904767
2,0.0,fglasso,0.5217391304347826,0.96,0.6760563380281689,46,25,0.0
2,0.0,t_em,0.46153846153846156,0.96,0.6233766233766234,52,25,0.0
2,0.0,altt_em,0.5106382978723404,0.96,0.6666666666666666,47,25,0.0
2,0.1,fglasso,0.5217391304347826,0.96,0.6760563380281689,46,25,0.0
2,0.1,t_em,0.46153846153846156,0.96,0.6233766233766234,52,25,0.037735849056603765
2,0.1,altt_em,0.5,0.92,0.647887323943662,46,25,0.021276595744680882
3,0.0,fglasso,0.45652173913043476,0.84,0.5915492957746479,46,25,0.0
3,0.0,t_em,0.43859649122807015,1.0,0.6097560975609756,57,25,0.0
3,0.0,altt_em,0.4883720930232558,0.84,0.6176470588235294,43,25,0.0
3,0.1,fglasso,0.44680851063829785,0.84,0.5833333333333334,47,25,0.021276595744680882
3,0.1,t_em,0.42105263157894735,0.96,0.5853658536585366,57,25,0.03448275862068961
3,0.1,altt_em,0.4772727272727273,0.84,0.6086956521739131,44,25,0.022727272727272707
4,0.0,fglasso,0.5238095238095238,0.88,0.6567164179104478,42,25,0.0
4,0.0,t_em,0.46938775510204084,0.92,0.6216216216216216,49,25,0.0
4,0.0,altt_em,0.5128205128205128,0.8,0.625,39,25,0.0
4,0.1,fglasso,0.5238095238095238,0.88,0.6567164179104478,42,25,0.0
4,0.1,t_em,0.46,0.92,0.6133333333333333,50,25,0.09615384615384615
4,0.1,altt_em,0.5,0.8,0.6153846153846154,40,25,0.07317073170731703
5,0.0,fglasso,0.5227272727272727,0.92,0.6666666666666666,44,25,0.0
5,0.0,t_em,0.4528301886792453,0.96,0.6153846153846154,53,25,0.0
5,0.0,altt_em,0.5227272727272727,0.92,0.6666666666666666,44,25,0.0
5,0.1,fglasso,0.5217391304347826,0.96,0.6760563380281689,46,25,0.08510638297872342
5,0.1,t_em,0.46296296296296297,1.0,0.6329113924050632,54,25,0.01851851851851849
5,0.1,altt_em,0.5,0.84,0.6268656716417911,42,25,0.0888888888888889
6,0.0,fglasso,0.45652173913043476,0.84,0.5915492957746479,46,25,0.0
6,0.0,t_em,0.43137254901960786,0.88,0.5789473684210527,51,25,0.0
6,0.0,altt_em,0.45652173913043476,0.84,0.5915492957746479,46,25,0.0
6,0.1,fglasso,0.4782608695652174,0.88,0.619718309859155,46,25,0.04255319148936165
6,0.1,t_em,0.43137254901960786,0.88,0.5789473684210527,51,25,0.038461538461538436
6,0.1,altt_em,0.45652173913043476,0.84,0.5915492957746479,46,25,0.04255319148936165
7,0.0,fglasso,0.4878048780487805,0.8,0.6060606060606061,41,25,0.0
7,0.0,t_em,0.4716981132075472,1.0,0.641025641025641,53,25,0.0
7,0.0,altt_em,0.48717948717948717,0.76,0.59375,39,25,0.0
7,0.1,fglasso,0.47619047619047616,0.8,0.5970149253731344,42,25,0.023809523809523836
7,0.1,t_em,0.47058823529411764,0.96,0.631578947368421,51,25,0.037735849056603765
7,0.1,altt_em,0.5,0.8,0.6153846153846154,40,25,0.07317073170731703
8,0.0,fglasso,0.5,0.88,0.6376811594202899,44,25,0.0
8,0.0,t_em,0.4489795918367347,0.88,0.5945945945945946,49,25,0.0
8,0.0,altt_em,0.5,0.84,0.6268656716417911,42,25,0.0
8,0.1,fglasso,0.5,0.88,0.6376811594202899,44,25,0.0444444444444444
8,0.1,t_em,0.46,0.92,0.6133333333333333,50,25,0.05882352941176472
8,0.1,altt_em,0.4883720930232558,0.84,0.6176470588235294,43,25,0.023255813953488413
9,0.0,fglasso,0.5106382978723404,0.96,0.6666666666666666,47,25,0.0
9,0.0,t_em,0.49019607843137253,1.0,0.6578947368421052,51,25,0.0
9,0.0,altt_em,0.48936170212765956,0.92,0.6388888888888888,47,25,0.0
9,0.1,fglasso,0.5106382978723404,0.96,0.6666666666666666,47,25,0.0
9,0.1,t_em,0.47058823529411764,0.96,0.631578947368421,51,25,0.038461538461538436
9,0.1,altt_em,0.48936170212765956,0.92,0.6388888888888888,47,25,0.0
