rep,eps,method,op_err,precision,recall,f1,n_edges_est,n_edges_true,jaccard
0,0.0,fglasso,0.2994418766926674,0.2727272727272727,1.0,0.42857142857142855,33,9,0.0
0,0.0,t_em,0.2971433599032811,0.3103448275862069,1.0,0.4736842105263158,29,9,0.0
0,0.0,altt_em,0.2715232989213423,0.4,0.8888888888888888,0.5517241379310346,20,9,0.0
0,0.05,fglasso,0.39492585509893796,0.15789473684210525,1.0,0.2727272727272727,57,9,0.4482758620689655
0,0.05,t_em,0.334349796790901,0.2647058823529412,1.0,0.4186046511627907,34,9,0.19999999999999996
0,0.05,altt_em,0.30512714650961187,0.34615384615384615,1.0,0.5142857142857142,26,9,0.2962962962962963
0,0.1,fglasso,0.4096546113707172,0.16666666666666666,1.0,0.2857142857142857,54,9,0.38888888888888884
0,0.1,t_em,0.3469248962831619,0.23684210526315788,1.0,0.38297872340425526,38,9,0.28205128205128205
0,0.1,altt_em,0.3240396228588259,0.3,1.0,0.4615384615384615,30,9,0.33333333333333337
0,0.2,fglasso,0.4595878674247156,0.16666666666666666,1.0,0.2857142857142857,54,9,0.4181818181818182
0,0.2,t_em,0.36952355906197965,0.14285714285714285,1.0,0.25,63,9,0.5396825396825398
0,0.2,altt_em,0.3629432242591427,0.16666666666666666,1.0,0.2857142857142857,54,9,0.6296296296296297
1,0.0,fglasso,0.3075217101219478,0.25806451612903225,0.8888888888888888,0.39999999999999997,31,9,0.0
1,0.0,t_em,0.30837281570769365,0.3076923076923077,0.8888888888888888,0.4571428571428572,26,9,0.0
1,0.0,altt_em,0.28606090493630765,0.36363636363636365,0.8888888888888888,0.5161290322580644,22,9,0.0
1,0.05,fglasso,0.3896886927537362,0.1836734693877551,1.0,0.3103448275862069,49,9,0.36734693877551017
1,0.05,t_em,0.34078219351729083,0.2647058823529412,1.0,0.4186046511627907,34,9,0.23529411764705888
1,0.05,altt_em,0.3134398547421223,0.3,1.0,0.4615384615384615,30,9,0.32258064516129037
1,0.1,fglasso,0.4200042186407154,0.16071428571428573,1.0,0.27692307692307694,56,9,0.4464285714285714
1,0.1,t_em,0.3607923911335269,0.24324324324324326,1.0,0.391304347826087,37,9,0.3421052631578947
1,0.1,altt_em,0.34139009006330107,0.2647058823529412,1.0,0.4186046511627907,34,9,0.3529411764705882
1,0.2,fglasso,0.457134860930257,0.16981132075471697,1.0,0.2903225806451613,53,9,0.41509433962264153
1,0.2,t_em,0.3700328627615135,0.17647058823529413,1.0,0.3,51,9,0.4901960784313726
1,0.2,altt_em,0.3608861757272885,0.1836734693877551,1.0,0.3103448275862069,49,9,0.5800000000000001
2,0.0,fglasso,0.2895733690066915,0.28125,1.0,0.43902439024390244,32,9,0.0
2,0.0,t_em,0.29304261589234143,0.375,1.0,0.5454545454545454,24,9,0.0
2,0.0,altt_em,0.26359413607387927,0.45,1.0,0.6206896551724138,20,9,0.0
2,0.05,fglasso,0.384749583258256,0.16666666666666666,1.0,0.2857142857142857,54,9,0.4363636363636364
2,0.05,t_em,0.3287641297269977,0.23076923076923078,1.0,0.375,39,9,0.42500000000000004
2,0.05,altt_em,0.2958576675555608,0.3333333333333333,1.0,0.5,27,9,0.2592592592592593
2,0.1,fglasso,0.4128174917669923,0.17307692307692307,1.0,0.29508196721311475,52,9,0.41509433962264153
2,0.1,t_em,0.3409602704986365,0.16981132075471697,1.0,0.2903225806451613,53,9,0.5471698113207547
2,0.1,altt_em,0.323475708264795,0.3,1.0,0.4615384615384615,30,9,0.33333333333333337
2,0.2,fglasso,0.4515837904018412,0.16981132075471697,1.0,0.2903225806451613,53,9,0.42592592592592593
2,0.2,t_em,0.350171188249373,0.15254237288135594,1.0,0.2647058823529412,59,9,0.6166666666666667
2,0.2,altt_em,0.34733739326604923,0.16363636363636364,1.0,0.28125,55,9,0.6363636363636364
3,0.0,fglasso,0.29772211820663114,0.23684210526315788,1.0,0.38297872340425526,38,9,0.0
3,0.0,t_em,0.30021873539172683,0.25,0.8888888888888888,0.3902439024390244,32,9,0.0
3,0.0,altt_em,0.2940097705922757,0.3076923076923077,0.8888888888888888,0.4571428571428572,26,9,0.0
3,0.05,fglasso,0.3802788556846042,0.15254237288135594,1.0,0.2647058823529412,59,9,0.35593220338983056
3,0.05,t_em,0.3335573695255085,0.24324324324324326,1.0,0.391304347826087,37,9,0.1842105263157895
3,0.05,altt_em,0.3277172432810631,0.2727272727272727,1.0,0.42857142857142855,33,9,0.21212121212121215
3,0.1,fglasso,0.4079592694772977,0.16071428571428573,1.0,0.27692307692307694,56,9,0.3214285714285714
3,0.1,t_em,0.3472381688635595,0.24324324324324326,1.0,0.391304347826087,37,9,0.275
3,0.1,altt_em,0.34386126541979706,0.2571428571428571,1.0,0.40909090909090906,35,9,0.2571428571428571
3,0.2,fglasso,0.4409449199909954,0.16666666666666666,1.0,0.2857142857142857,54,9,0.3571428571428571
3,0.2,t_em,0.3639729529058497,0.15,1.0,0.2608695652173913,60,9,0.4918032786885246
3,0.2,altt_em,0.36552184955809996,0.16363636363636364,1.0,0.28125,55,9,0.5272727272727273
4,0.0,fglasso,0.2875879786436337,0.3,1.0,0.4615384615384615,30,9,0.0
4,0.0,t_em,0.2879454238450106,0.36,1.0,0.5294117647058824,25,9,0.0
4,0.0,altt_em,0.2745029069431063,0.34782608695652173,0.8888888888888888,0.5,23,9,0.0
4,0.05,fglasso,0.37478665388176324,0.17647058823529413,1.0,0.3,51,9,0.4117647058823529
4,0.05,t_em,0.3217079067627831,0.32142857142857145,1.0,0.4864864864864865,28,9,0.1071428571428571
4,0.05,altt_em,0.3062334462179164,0.34615384615384615,1.0,0.5142857142857142,26,9,0.18518518518518523
4,0.1,fglasso,0.40821625022087743,0.16666666666666666,1.0,0.2857142857142857,54,9,0.4727272727272728
4,0.1,t_em,0.3435033438058514,0.2727272727272727,1.0,0.42857142857142855,33,9,0.2941176470588235
4,0.1,altt_em,0.3406311540212147,0.3103448275862069,1.0,0.4736842105263158,29,9,0.2068965517241379
4,0.2,fglasso,0.4436520059489816,0.16981132075471697,1.0,0.2903225806451613,53,9,0.4629629629629629
4,0.2,t_em,0.36143597895897905,0.16981132075471697,1.0,0.2903225806451613,53,9,0.5283018867924528
4,0.2,altt_em,0.3637387816469155,0.16666666666666666,1.0,0.2857142857142857,54,9,0.5740740740740741
5,0.0,fglasso,0.293560082592299,0.25,0.8888888888888888,0.3902439024390244,32,9,0.0
5,0.0,t_em,0.29253853739214686,0.2962962962962963,0.8888888888888888,0.4444444444444444,27,9,0.0
5,0.0,altt_em,0.26844717274823066,0.34782608695652173,0.8888888888888888,0.5,23,9,0.0
5,0.05,fglasso,0.38744778549976466,0.15517241379310345,1.0,0.26865671641791045,58,9,0.47457627118644063
5,0.05,t_em,0.32867577373531454,0.2571428571428571,1.0,0.40909090909090906,35,9,0.22857142857142854
5,0.05,altt_em,0.30202483800147545,0.32142857142857145,1.0,0.4864864864864865,28,9,0.1785714285714286
5,0.1,fglasso,0.4078365857099477,0.16666666666666666,1.0,0.2857142857142857,54,9,0.4363636363636364
5,0.1,t_em,0.34217579871527853,0.1836734693877551,1.0,0.3103448275862069,49,9,0.48
5,0.1,altt_em,0.3262799701969293,0.2903225806451613,1.0,0.45000000000000007,31,9,0.25806451612903225
5,0.2,fglasso,0.44181100168821774,0.14754098360655737,1.0,0.2571428571428572,61,9,0.5
5,0.2,t_em,0.3626810747875223,0.16071428571428573,1.0,0.27692307692307694,56,9,0.5178571428571428
5,0.2,altt_em,0.3497649635944231,0.15254237288135594,1.0,0.2647058823529412,59,9,0.6101694915254237
6,0.0,fglasso,0.30363530451886217,0.3,1.0,0.4615384615384615,30,9,0.0
6,0.0,t_em,0.30542716416559923,0.375,1.0,0.5454545454545454,24,9,0.0
6,0.0,altt_em,0.2884878991097986,0.4090909090909091,1.0,0.5806451612903226,22,9,0.0
6,0.05,fglasso,0.39522583509794895,0.16666666666666666,1.0,0.2857142857142857,54,9,0.4727272727272728
6,0.05,t_em,0.3463922576575041,0.3,1.0,0.4615384615384615,30,9,0.19999999999999996
6,0.05,altt_em,0.3322431399510988,0.375,1.0,0.5454545454545454,24,9,0.23076923076923073
6,0.1,fglasso,0.4171445061041978,0.16981132075471697,1.0,0.2903225806451613,53,9,0.4629629629629629
6,0.1,t_em,0.3547056480370885,0.1875,1.0,0.3157894736842105,48,9,0.5
6,0.1,altt_em,0.34959117648531324,0.21951219512195122,1.0,0.36,41,9,0.46341463414634143
6,0.2,fglasso,0.45337560667942944,0.17647058823529413,1.0,0.3,51,9,0.4423076923076923
6,0.2,t_em,0.37154265599786,0.16071428571428573,1.0,0.27692307692307694,56,9,0.5714285714285714
6,0.2,altt_em,0.36463588905594013,0.16666666666666666,1.0,0.2857142857142857,54,9,0.5925925925925926
7,0.0,fglasso,0.30950981522280163,0.2647058823529412,1.0,0.4186046511627907,34,9,0.0
7,0.0,t_em,0.311862697802048,0.3333333333333333,1.0,0.5,27,9,0.0
7,0.0,altt_em,0.2889715076455623,0.4,0.8888888888888888,0.5517241379310346,20,9,0.0
7,0.05,fglasso,0.3874316933326335,0.14516129032258066,1.0,0.2535211267605634,62,9,0.4516129032258065
7,0.05,t_em,0.34055566848561647,0.3103448275862069,1.0,0.4736842105263158,29,9,0.1333333333333333
7,0.05,altt_em,0.31764454258366154,0.34615384615384615,1.0,0.5142857142857142,26,9,0.2962962962962963
7,0.1,fglasso,0.42258016603753185,0.16071428571428573,1.0,0.27692307692307694,56,9,0.3928571428571429
7,0.1,t_em,0.353697026478968,0.24324324324324326,1.0,0.391304347826087,37,9,0.2702702702702703
7,0.1,altt_em,0.33777086138356116,0.28125,1.0,0.43902439024390244,32,9,0.375
7,0.2,fglasso,0.4543662635708178,0.15789473684210525,1.0,0.2727272727272727,57,9,0.4035087719298246
7,0.2,t_em,0.3724496702385755,0.15517241379310345,1.0,0.26865671641791045,58,9,0.5344827586206897
7,0.2,altt_em,0.3678684982935888,0.17647058823529413,1.0,0.3,51,9,0.6346153846153846
8,0.0,fglasso,0.30613889669211963,0.21428571428571427,1.0,0.35294117647058826,42,9,0.0
8,0.0,t_em,0.30520443564125815,0.25,1.0,0.4,36,9,0.0
8,0.0,altt_em,0.26515538084176843,0.3103448275862069,1.0,0.4736842105263158,29,9,0.0
8,0.05,fglasso,0.3860370224809865,0.14516129032258066,1.0,0.2535211267605634,62,9,0.3492063492063492
8,0.05,t_em,0.34074502073642876,0.24324324324324326,1.0,0.391304347826087,37,9,0.07894736842105265
8,0.05,altt_em,0.30600868284358373,0.28125,1.0,0.43902439024390244,32,9,0.1515151515151515
8,0.1,fglasso,0.422967582852301,0.15254237288135594,1.0,0.2647058823529412,59,9,0.34426229508196726
8,0.1,t_em,0.3552598040850747,0.15,1.0,0.2608695652173913,60,9,0.4
8,0.1,altt_em,0.33071332457115243,0.19148936170212766,1.0,0.32142857142857145,47,9,0.41666666666666663
8,0.2,fglasso,0.4605502920949256,0.15517241379310345,1.0,0.26865671641791045,58,9,0.33333333333333337
8,0.2,t_em,0.3674953627509143,0.15,1.0,0.2608695652173913,60,9,0.42622950819672134
8,0.2,altt_em,0.3600588399575976,0.15789473684210525,1.0,0.2727272727272727,57,9,0.5172413793103448
9,0.0,fglasso,0.2893402233359824,0.2647058823529412,1.0,0.4186046511627907,34,9,0.0
9,0.0,t_em,0.2917369674229074,0.391304347826087,1.0,0.5625,23,9,0.0
9,0.0,altt_em,0.26589475667256807,0.47058823529411764,0.8888888888888888,0.6153846153846153,17,9,0.0
9,0.05,fglasso,0.3727829352374268,0.16071428571428573,1.0,0.27692307692307694,56,9,0.3928571428571429
9,0.05,t_em,0.3271561758917152,0.3,1.0,0.4615384615384615,30,9,0.34375
9,0.05,altt_em,0.30374856752192825,0.375,1.0,0.5454545454545454,24,9,0.29166666666666663
9,0.1,fglasso,0.3997491363742638,0.15,1.0,0.2608695652173913,60,9,0.43333333333333335
9,0.1,t_em,0.3420123977332187,0.21951219512195122,1.0,0.36,41,9,0.47619047619047616
9,0.1,altt_em,0.31875446412907366,0.3103448275862069,1.0,0.4736842105263158,29,9,0.4666666666666667
9,0.2,fglasso,0.43773272366215343,0.15789473684210525,1.0,0.2727272727272727,57,9,0.4035087719298246
9,0.2,t_em,0.35247636555350437,0.15789473684210525,1.0,0.2727272727272727,57,9,0.5964912280701755
9,0.2,altt_em,0.34406155615836015,0.225,1.0,0.36734693877551017,40,9,0.575
10,0.0,fglasso,0.3190162517570896,0.25,1.0,0.4,36,9,0.0
10,0.0,t_em,0.3134141753242286,0.28125,1.0,0.43902439024390244,32,9,0.0
10,0.0,altt_em,0.2858443691341413,0.32142857142857145,1.0,0.4864864864864865,28,9,0.0
10,0.05,fglasso,0.40343240196314295,0.14754098360655737,1.0,0.2571428571428572,61,9,0.4098360655737705
10,0.05,t_em,0.35038814287620845,0.23684210526315788,1.0,0.38297872340425526,38,9,0.20512820512820518
10,0.05,altt_em,0.32368070580163655,0.2903225806451613,1.0,0.45000000000000007,31,9,0.09677419354838712
10,0.1,fglasso,0.4348836176045856,0.15789473684210525,1.0,0.2727272727272727,57,9,0.368421052631579
10,0.1,t_em,0.37093803297531996,0.14754098360655737,1.0,0.2571428571428572,61,9,0.5238095238095238
10,0.1,altt_em,0.35458287208495143,0.225,1.0,0.36734693877551017,40,9,0.30000000000000004
10,0.2,fglasso,0.462739960365737,0.15517241379310345,1.0,0.26865671641791045,58,9,0.3793103448275862
10,0.2,t_em,0.3790687034497981,0.15,1.0,0.2608695652173913,60,9,0.5161290322580645
10,0.2,altt_em,0.3672071560685784,0.16981132075471697,1.0,0.2903225806451613,53,9,0.4716981132075472
11,0.0,fglasso,0.29920370775749605,0.23076923076923078,1.0,0.375,39,9,0.0
11,0.0,t_em,0.2998665873972897,0.3,1.0,0.4615384615384615,30,9,0.0
11,0.0,altt_em,0.27548372768013374,0.36363636363636365,0.8888888888888888,0.5161290322580644,22,9,0.0
11,0.05,fglasso,0.39712815842376015,0.14516129032258066,1.0,0.2535211267605634,62,9,0.3709677419354839
11,0.05,t_em,0.34181882990635304,0.25,1.0,0.4,36,9,0.26315789473684215
11,0.05,altt_em,0.309548154802762,0.3333333333333333,1.0,0.5,27,9,0.3666666666666667
11,0.1,fglasso,0.4141702294789269,0.15,1.0,0.2608695652173913,60,9,0.35
11,0.1,t_em,0.3500126265175196,0.25,1.0,0.4,36,9,0.21621621621621623
11,0.1,altt_em,0.33008647413685094,0.2647058823529412,1.0,0.4186046511627907,34,9,0.3529411764705882
11,0.2,fglasso,0.4577664067472565,0.15517241379310345,1.0,0.26865671641791045,58,9,0.3275862068965517
11,0.2,t_em,0.3670262539338997,0.16981132075471697,1.0,0.2903225806451613,53,9,0.49090909090909096
11,0.2,altt_em,0.36002549145333984,0.15517241379310345,1.0,0.26865671641791045,58,9,0.6206896551724138
